[   0.000][d][global] user path: '~~/thumbfast_bg.log' -> 'thumbfast_bg.log'
[   0.001][v][cplayer] mpv v0.41.0 Copyright © 2000-2025 mpv/MPlayer/mplayer2 projects
[   0.001][v][cplayer]  built on Jan  1 1980 00:00:00
[   0.001][v][cplayer] libplacebo version: v7.360.1
[   0.001][v][cplayer] FFmpeg version: 8.1
[   0.001][v][cplayer] FFmpeg library versions:
[   0.001][v][cplayer]    libavcodec      62.28.100
[   0.001][v][cplayer]    libavdevice     62.3.100
[   0.001][v][cplayer]    libavfilter     11.14.100
[   0.001][v][cplayer]    libavformat     62.12.100
[   0.001][v][cplayer]    libavutil       60.26.100
[   0.001][v][cplayer]    libswresample   6.3.100
[   0.001][v][cplayer]    libswscale      9.5.100
[   0.001][v][cplayer] Configuration: <omitted>
[   0.001][v][cplayer] List of enabled features: alsa build-date caca cplugins cuda-hwaccel cuda-interop dmabuf-interop-gl dmabuf-wayland drm dvbin dvdnav egl egl-drm egl-wayland egl-x11 ffmpeg ffnvcodec gbm gl glibc-thread-name glob glob-posix gpl iconv javascript lcms2 libarchive libass libavdevice libbluray libdl libplacebo linux-fstatfs lua memfd-create memrchr openal pipewire posix posix-shm ppoll pthread-condattr-setclock pulse rubberband rubberband-3 uchardet vaapi vaapi-drm vaapi-wayland vaapi-x11 vapoursynth vdpau vector vk-khr-display vt.h vulkan wayland wayland-protocols-1-32 wayland-protocols-1-38 wayland-protocols-1-39 wayland-protocols-1-41 wayland-protocols-1-44 wayland-protocols-1-47 x11 x11-clipboard zimg zimg-st428 zlib
[   0.001][v][cplayer] Command line options: '--no-config' '--msg-level=all=v' '--log-file=~~/thumbfast_bg.log' '--idle=once' '/tmp/test.mp4'
[   0.001][v][cplayer] mpv v0.41.0 Copyright © 2000-2025 mpv/MPlayer/mplayer2 projects
[   0.001][v][cplayer]  built on Jan  1 1980 00:00:00
[   0.001][v][cplayer] libplacebo version: v7.360.1
[   0.001][v][cplayer] FFmpeg version: 8.1
[   0.001][v][cplayer] FFmpeg library versions:
[   0.001][v][cplayer]    libavcodec      62.28.100
[   0.001][v][cplayer]    libavdevice     62.3.100
[   0.001][v][cplayer]    libavfilter     11.14.100
[   0.001][v][cplayer]    libavformat     62.12.100
[   0.001][v][cplayer]    libavutil       60.26.100
[   0.001][v][cplayer]    libswresample   6.3.100
[   0.001][v][cplayer]    libswscale      9.5.100
[   0.001][v][cplayer] Configuration: <omitted>
[   0.001][v][cplayer] List of enabled features: alsa build-date caca cplugins cuda-hwaccel cuda-interop dmabuf-interop-gl dmabuf-wayland drm dvbin dvdnav egl egl-drm egl-wayland egl-x11 ffmpeg ffnvcodec gbm gl glibc-thread-name glob glob-posix gpl iconv javascript lcms2 libarchive libass libavdevice libbluray libdl libplacebo linux-fstatfs lua memfd-create memrchr openal pipewire posix posix-shm ppoll pthread-condattr-setclock pulse rubberband rubberband-3 uchardet vaapi vaapi-drm vaapi-wayland vaapi-x11 vapoursynth vdpau vector vk-khr-display vt.h vulkan wayland wayland-protocols-1-32 wayland-protocols-1-38 wayland-protocols-1-39 wayland-protocols-1-41 wayland-protocols-1-44 wayland-protocols-1-47 x11 x11-clipboard zimg zimg-st428 zlib
[   0.001][d][global] home path: '' -> '-'
[   0.001][d][global] user path: '~~home/' -> ''
[   0.001][d][global] user path: '~~old_home/' -> ''
[   0.001][v][cplayer] Setting option 'config' = 'no' (flags = 8)
[   0.001][v][cplayer] Setting option 'msg-level' = 'all=v' (flags = 8)
[   0.001][v][cplayer] Setting option 'log-file' = '~~/thumbfast_bg.log' (flags = 8)
[   0.001][v][cplayer] Setting option 'idle' = 'once' (flags = 8)
[   0.003][d][global] user path: '~~/thumbfast_bg.log' -> 'thumbfast_bg.log'
[   0.003][d][osc] Loading lua script @osc.lua...
[   0.003][d][ytdl_hook] Loading lua script @ytdl_hook.lua...
[   0.003][d][stats] Loading lua script @stats.lua...
[   0.004][d][console] Loading lua script @console.lua...
[   0.004][d][auto_profiles] Loading lua script @auto_profiles.lua...
[   0.004][d][select] Loading lua script @select.lua...
[   0.004][d][positioning] Loading lua script @positioning.lua...
[   0.004][d][osc] loading mp.defaults
[   0.004][d][ytdl_hook] loading mp.defaults
[   0.004][d][console] loading mp.defaults
[   0.004][d][stats] loading mp.defaults
[   0.004][d][auto_profiles] loading mp.defaults
[   0.004][d][select] loading mp.defaults
[   0.004][d][positioning] loading mp.defaults
[   0.005][d][commands] Loading lua script @commands.lua...
[   0.005][d][context_menu] Loading lua script @context_menu.lua...
[   0.005][d][osc] loading @osc.lua
[   0.005][d][ytdl_hook] loading @ytdl_hook.lua
[   0.005][d][commands] loading mp.defaults
[   0.005][d][stats] loading @stats.lua
[   0.005][d][auto_profiles] loading @auto_profiles.lua
[   0.005][d][console] loading @console.lua
[   0.005][d][positioning] loading @positioning.lua
[   0.005][d][positioning] reading options for positioning
[   0.005][d][positioning] script-opts/positioning.conf not found.
[   0.005][d][positioning] lua-settings/positioning.conf not found.
[   0.006][d][select] loading @select.lua
[   0.006][v][clipboard/wayland] Registered interface ext_data_control_manager_v1 at version 1
[   0.006][v][clipboard/wayland] Registered interface wl_seat at version 8
[   0.006][d][commands] loading @commands.lua
[   0.006][v][clipboard] Initialized wayland clipboard backend.
[   0.006][d][context_menu] loading mp.defaults
[   0.006][v][cplayer] Waiting for scripts...
[   0.006][d][ytdl_hook] reading options for ytdl_hook
[   0.006][d][ytdl_hook] script-opts/ytdl_hook.conf not found.
[   0.006][d][ytdl_hook] lua-settings/ytdl_hook.conf not found.
[   0.006][d][cplayer] Run command: define-section, flags=64, args=[name="input_positioning", contents="", flags="default"]
[   0.006][d][cplayer] Run command: enable-section, flags=64, args=[name="input_positioning", flags="allow-hide-cursor+allow-vo-dragging"]
[   0.006][d][cplayer] Run command: define-section, flags=64, args=[name="input_forced_positioning", contents="", flags="force"]
[   0.006][d][cplayer] Run command: enable-section, flags=64, args=[name="input_forced_positioning", flags="allow-hide-cursor+allow-vo-dragging"]
[   0.007][v][clipboard/wayland] Read 1 bytes from the data offer fd
[   0.007][d][select] reading options for select
[   0.007][v][clipboard/wayland] Read 747 bytes from the data offer fd
[   0.007][d][select] script-opts/select.conf not found.
[   0.007][d][select] lua-settings/select.conf not found.
[   0.007][d][commands] reading options for commands
[   0.007][d][commands] script-opts/commands.conf not found.
[   0.007][d][commands] lua-settings/commands.conf not found.
[   0.007][d][cplayer] Run command: define-section, flags=64, args=[name="input_select", contents="", flags="default"]
[   0.007][d][cplayer] Run command: enable-section, flags=64, args=[name="input_select", flags="allow-hide-cursor+allow-vo-dragging"]
[   0.007][d][cplayer] Run command: define-section, flags=64, args=[name="input_forced_select", contents="", flags="force"]
[   0.007][d][cplayer] Run command: enable-section, flags=64, args=[name="input_forced_select", flags="allow-hide-cursor+allow-vo-dragging"]
[   0.007][d][cplayer] Run command: define-section, flags=64, args=[name="input_commands", contents="", flags="default"]
[   0.008][d][cplayer] Run command: enable-section, flags=64, args=[name="input_commands", flags="allow-hide-cursor+allow-vo-dragging"]
[   0.008][d][cplayer] Run command: define-section, flags=64, args=[name="input_forced_commands", contents="", flags="force"]
[   0.008][d][cplayer] Run command: enable-section, flags=64, args=[name="input_forced_commands", flags="allow-hide-cursor+allow-vo-dragging"]
[   0.008][d][context_menu] loading @context_menu.lua
[   0.008][d][stats] reading options for stats
[   0.008][d][stats] script-opts/stats.conf not found.
[   0.008][d][stats] lua-settings/stats.conf not found.
[   0.008][d][auto_profiles] Destroying client handle...
[   0.008][d][console] reading options for console
[   0.008][d][console] script-opts/console.conf not found.
[   0.008][d][console] lua-settings/console.conf not found.
[   0.008][d][cplayer] Run command: define-section, flags=64, args=[name="input_stats", contents="", flags="default"]
[   0.008][d][cplayer] Run command: enable-section, flags=64, args=[name="input_stats", flags="allow-hide-cursor+allow-vo-dragging"]
[   0.008][d][cplayer] Run command: define-section, flags=64, args=[name="input_forced_stats", contents="", flags="force"]
[   0.008][d][cplayer] Run command: enable-section, flags=64, args=[name="input_forced_stats", flags="allow-hide-cursor+allow-vo-dragging"]
[   0.008][d][cplayer] Run command: define-section, flags=64, args=[name="input_console", contents="", flags="default"]
[   0.008][d][cplayer] Run command: enable-section, flags=64, args=[name="input_console", flags="allow-hide-cursor+allow-vo-dragging"]
[   0.008][d][cplayer] Run command: define-section, flags=64, args=[name="input_forced_console", contents="", flags="force"]
[   0.008][d][cplayer] Run command: enable-section, flags=64, args=[name="input_forced_console", flags="allow-hide-cursor+allow-vo-dragging"]
[   0.009][d][context_menu] reading options for context_menu
[   0.009][d][context_menu] script-opts/context_menu.conf not found.
[   0.009][d][context_menu] lua-settings/context_menu.conf not found.
[   0.012][d][cplayer] Run command: define-section, flags=64, args=[name="showhide", contents="mouse_move script-binding osc/__keybinding1\nmouse_leave script-binding osc/__keybinding2\n", flags="force"]
[   0.012][d][cplayer] Run command: define-section, flags=64, args=[name="showhide_wc", contents="mouse_move script-binding osc/__keybinding3\nmouse_leave script-binding osc/__keybinding4\n", flags="force"]
[   0.012][d][cplayer] Run command: enable-section, flags=64, args=[name="showhide", flags="allow-hide-cursor+allow-vo-dragging"]
[   0.012][d][cplayer] Run command: enable-section, flags=64, args=[name="showhide_wc", flags="allow-hide-cursor+allow-vo-dragging"]
[   0.012][d][cplayer] Run command: define-section, flags=64, args=[name="input", contents="mbtn_left script-binding osc/__keybinding5\nmbtn_mid script-binding osc/__keybinding6\nmbtn_right script-binding osc/__keybinding7\nshift+mbtn_left script-binding osc/__keybinding8\nwheel_up script-binding osc/__keybinding9\nwheel_down script-binding osc/__keybinding10\nmbtn_left_dbl ignore\nshift+mbtn_left_dbl ignore\nmbtn_right_dbl ignore\n", flags="force"]
[   0.012][d][cplayer] Run command: enable-section, flags=64, args=[name="input", flags=""]
[   0.012][d][cplayer] Run command: define-section, flags=64, args=[name="window-controls", contents="mbtn_left script-binding osc/__keybinding11\n", flags="force"]
[   0.012][d][cplayer] Run command: enable-section, flags=64, args=[name="window-controls", flags=""]
[   0.012][d][osc] reading options for osc
[   0.012][d][osc] script-opts/osc.conf not found.
[   0.012][d][osc] lua-settings/osc.conf not found.
[   0.013][v][cplayer] Set property: user-data/osc/visibility="auto" -> 1
[   0.013][d][cplayer] Run command: disable-section, flags=64, args=[name="input"]
[   0.013][d][cplayer] Run command: disable-section, flags=64, args=[name="window-controls"]
[   0.013][v][cplayer] Set property: user-data/osc/margins={"b":0,"r":0,"t":0,"l":0} -> 1
[   0.013][v][cplayer] Done loading scripts.
[   0.013][d][global] state path: 'watch_later' -> '-'
[   0.013][v][cplayer] Running hook: auto_profiles/on_before_start_file
[   0.013][v][cplayer] Failed sending hook command auto_profiles/on_before_start_file. Removing hook.
[   0.013][d][global] state path: 'watch_later' -> '-'
[   0.013][v][cplayer] Running hook: auto_profiles/on_load
[   0.013][v][cplayer] Failed sending hook command auto_profiles/on_load. Removing hook.
[   0.013][v][cplayer] Running hook: ytdl_hook/on_load
[   0.013][v][cplayer] Running hook: ytdl_hook/on_load
[   0.013][v][ytdl_hook] playlist hook
[   0.013][v][ifo_dvdnav] Opening /tmp/test.mp4
[   0.013][v][bdmv/bluray] Opening /tmp/test.mp4
[   0.014][v][cplayer] Set property: user-data/osc/margins={"b":0,"r":0,"t":0,"l":0} -> 1
[   0.014][v][file] Opening /tmp/test.mp4
[   0.014][d][file] resize stream to 131072 bytes, drop 0 bytes
[   0.014][d][file] Stream opened successfully.
[   0.014][v][demux] Trying demuxers for level=normal.
[   0.014][d][demux] Trying demuxer: directory (force-level: normal)
[   0.014][d][osc] osc_init
[   0.014][d][demux] Trying demuxer: disc (force-level: normal)
[   0.014][d][demux] Trying demuxer: edl (force-level: normal)
[   0.014][d][demux] Trying demuxer: cue (force-level: normal)
[   0.014][d][demux] Trying demuxer: rawaudio (force-level: normal)
[   0.014][d][demux] Trying demuxer: rawvideo (force-level: normal)
[   0.014][d][demux] Trying demuxer: mkv (force-level: normal)
[   0.014][d][demux] Trying demuxer: libarchive (force-level: normal)
[   0.014][d][demux] Trying demuxer: lavf (force-level: normal)
[   0.015][v][cplayer] Set property: user-data/osc/margins={"b":0,"r":0,"t":0,"l":0} -> 1
[   0.015][d][osd/libass] ASS library version: 0x1704000 (runtime 0x1704000)
[   0.015][v][osd/libass] libass API version: 0x1704000
[   0.015][v][osd/libass] libass source: tarball: 0.17.4
[   0.015][v][osd/libass] Shaper: FriBidi 1.0.16 (SIMPLE) HarfBuzz-ng 13.2.1 (COMPLEX)
[   0.015][v][osd/libass] Setting up fonts...
[   0.017][v][lavf] Found 'mov,mp4,m4a,3gp,3g2,mj2' at score=100 size=2048.
[   0.017][v][demux] Detected file format: mov,mp4,m4a,3gp,3g2,mj2 (libavformat)
[   0.017][v][cplayer] Opening done: /tmp/test.mp4
[   0.035][v][osd/libass] Using font provider fontconfig
[   0.035][v][osd/libass] Done.
[   0.037][v][find_files] Loading external files in /tmp/
[   0.038][v][cplayer] Running hook: auto_profiles/on_preloaded
[   0.038][v][cplayer] Failed sending hook command auto_profiles/on_preloaded. Removing hook.
[   0.038][v][cplayer] Running hook: ytdl_hook/on_preloaded
[   0.038][d][cplayer] Run command: define-section, flags=64, args=[name="input_osc", contents="", flags="default"]
[   0.038][d][cplayer] Run command: enable-section, flags=64, args=[name="input_osc", flags="allow-hide-cursor+allow-vo-dragging"]
[   0.038][d][cplayer] Run command: define-section, flags=64, args=[name="input_forced_osc", contents="", flags="force"]
[   0.038][d][cplayer] Run command: enable-section, flags=64, args=[name="input_forced_osc", flags="allow-hide-cursor+allow-vo-dragging"]
[   0.038][v][lavf] select track 0
[   0.038][i][cplayer] ● Video  --vid=1  (h264 1280x720 30 fps) [default]
[   0.038][v][vo/gpu-next] Probing for best GPU context.
[   0.038][v][vo/gpu-next/auto] Initializing GPU context 'auto'
[   0.038][v][vo/gpu-next/vulkan] Initializing GPU context 'waylandvk'
[   0.038][v][vo/gpu-next/libplacebo] Initialized libplacebo v7.360.1 (API v360)
[   0.039][d][vo/gpu-next/libplacebo] Available instance version: 1.4.341
[   0.040][d][vo/gpu-next/libplacebo] Spent 1.267 ms enumerating instance layers
[   0.040][d][vo/gpu-next/libplacebo] Available layers:
[   0.040][d][vo/gpu-next/libplacebo]     VK_LAYER_MESA_anti_lag (v1.4.303)
[   0.040][d][vo/gpu-next/libplacebo]     VK_LAYER_MESA_device_select (v1.4.303)
[   0.040][d][vo/gpu-next/libplacebo]     VK_LAYER_VALVE_steam_overlay_32 (v1.3.207)
[   0.040][d][vo/gpu-next/libplacebo]     VK_LAYER_VALVE_steam_overlay_64 (v1.3.207)
[   0.040][d][vo/gpu-next/libplacebo]     VK_LAYER_VALVE_steam_fossilize_32 (v1.3.207)
[   0.040][d][vo/gpu-next/libplacebo]     VK_LAYER_VALVE_steam_fossilize_64 (v1.3.207)
[   0.040][d][vo/gpu-next/libplacebo]     VK_LAYER_MANGOHUD_overlay_64_x86_64 (v1.3.0)
[   0.040][d][vo/gpu-next/libplacebo]     VK_LAYER_MANGOHUD_overlay_32_x86 (v1.3.0)
[   0.040][d][vo/gpu-next/libplacebo]     VK_LAYER_INTEL_nullhw (v1.1.73)
[   0.040][d][vo/gpu-next/libplacebo]     VK_LAYER_MESA_overlay (v1.4.303)
[   0.040][d][vo/gpu-next/libplacebo]     VK_LAYER_MESA_screenshot (v1.4.303)
[   0.040][d][vo/gpu-next/libplacebo]     VK_LAYER_MESA_vram_report_limit (v1.4.303)
[   0.117][v][vo/gpu-next/libplacebo] Spent 77.006 ms enumerating instance extensions
[   0.117][d][vo/gpu-next/libplacebo] Available instance extensions:
[   0.117][d][vo/gpu-next/libplacebo]     VK_KHR_device_group_creation
[   0.117][d][vo/gpu-next/libplacebo]     VK_KHR_display
[   0.117][d][vo/gpu-next/libplacebo]     VK_KHR_external_fence_capabilities
[   0.117][d][vo/gpu-next/libplacebo]     VK_KHR_external_memory_capabilities
[   0.117][d][vo/gpu-next/libplacebo]     VK_KHR_external_semaphore_capabilities
[   0.117][d][vo/gpu-next/libplacebo]     VK_KHR_get_display_properties2
[   0.117][d][vo/gpu-next/libplacebo]     VK_KHR_get_physical_device_properties2
[   0.117][d][vo/gpu-next/libplacebo]     VK_KHR_get_surface_capabilities2
[   0.118][d][vo/gpu-next/libplacebo]     VK_KHR_surface
[   0.118][d][vo/gpu-next/libplacebo]     VK_KHR_surface_maintenance1
[   0.118][d][vo/gpu-next/libplacebo]     VK_KHR_surface_protected_capabilities
[   0.118][d][vo/gpu-next/libplacebo]     VK_KHR_wayland_surface
[   0.118][d][vo/gpu-next/libplacebo]     VK_KHR_xcb_surface
[   0.118][d][vo/gpu-next/libplacebo]     VK_KHR_xlib_surface
[   0.118][d][vo/gpu-next/libplacebo]     VK_EXT_acquire_drm_display
[   0.118][d][vo/gpu-next/libplacebo]     VK_EXT_acquire_xlib_display
[   0.118][d][vo/gpu-next/libplacebo]     VK_EXT_debug_report
[   0.118][d][vo/gpu-next/libplacebo]     VK_EXT_debug_utils
[   0.118][d][vo/gpu-next/libplacebo]     VK_EXT_direct_mode_display
[   0.118][d][vo/gpu-next/libplacebo]     VK_EXT_display_surface_counter
[   0.118][d][vo/gpu-next/libplacebo]     VK_EXT_headless_surface
[   0.118][d][vo/gpu-next/libplacebo]     VK_EXT_surface_maintenance1
[   0.118][d][vo/gpu-next/libplacebo]     VK_EXT_swapchain_colorspace
[   0.118][d][vo/gpu-next/libplacebo]     VK_KHR_portability_enumeration
[   0.118][d][vo/gpu-next/libplacebo]     VK_LUNARG_direct_driver_loading
[   0.118][d][vo/gpu-next/libplacebo]     VK_EXT_layer_settings
[   0.118][v][vo/gpu-next/libplacebo] Creating vulkan instance with extensions:
[   0.118][v][vo/gpu-next/libplacebo]     VK_KHR_surface
[   0.118][v][vo/gpu-next/libplacebo]     VK_EXT_swapchain_colorspace
[   0.118][v][vo/gpu-next/libplacebo]     VK_KHR_get_surface_capabilities2
[   0.118][v][vo/gpu-next/libplacebo]     VK_KHR_surface_maintenance1
[   0.118][v][vo/gpu-next/libplacebo]     VK_EXT_surface_maintenance1
[   0.118][v][vo/gpu-next/libplacebo]     VK_KHR_portability_enumeration
[   0.118][v][vo/gpu-next/libplacebo]     VK_KHR_surface
[   0.118][v][vo/gpu-next/libplacebo]     VK_KHR_wayland_surface
[   0.186][v][vo/gpu-next/libplacebo] Spent 68.232 ms creating vulkan instance
[   0.186][v][vo/gpu-next/wayland] Registered interface wl_compositor at version 6
[   0.186][v][vo/gpu-next/wayland] Registered interface wl_subcompositor at version 1
[   0.186][v][vo/gpu-next/wayland] Registered interface xdg_wm_base at version 6
[   0.186][v][vo/gpu-next/wayland] Registered interface zxdg_decoration_manager_v1 at version 1
[   0.186][v][vo/gpu-next/wayland] Registered interface wl_shm at version 1
[   0.186][v][vo/gpu-next/wayland] Registered interface wp_fractional_scale_manager_v1 at version 1
[   0.186][v][vo/gpu-next/wayland] Registered interface zwp_tablet_manager_v2 at version 1
[   0.186][v][vo/gpu-next/wayland] Registered interface zwp_idle_inhibit_manager_v1 at version 1
[   0.186][v][vo/gpu-next/wayland] Registered interface wl_data_device_manager at version 3
[   0.186][v][vo/gpu-next/wayland] Registered interface wp_presentation at version 2
[   0.186][v][vo/gpu-next/wayland] Registered interface zwp_text_input_manager_v3 at version 1
[   0.186][v][vo/gpu-next/wayland] Registered interface wp_viewporter at version 1
[   0.186][v][vo/gpu-next/wayland] Registered interface xdg_activation_v1 at version 1
[   0.186][v][vo/gpu-next/wayland] Registered interface wl_seat at version 8
[   0.186][v][vo/gpu-next/wayland] Registered interface wp_cursor_shape_manager_v1 at version 2
[   0.186][v][vo/gpu-next/wayland] Registered interface zwp_linux_dmabuf_v1 at version 4
[   0.186][v][vo/gpu-next/wayland] Registered interface wl_output at version 4
[   0.186][v][vo/gpu-next/wayland] Registered interface wl_output at version 4
[   0.186][v][vo/gpu-next/wayland] Compositor doesn't support the wp_color_manager_v1 protocol!
[   0.186][v][vo/gpu-next/wayland] Compositor doesn't support the wp_color_representation_surface_v1 protocol!
[   0.186][v][vo/gpu-next/wayland] Compositor doesn't support the wp_content_type_manager_v1 protocol!
[   0.186][v][vo/gpu-next/wayland] Compositor doesn't support the wp_single_pixel_buffer_manager_v1 protocol!
[   0.187][d][vo/gpu-next/wayland] Querying available drm format and modifier pairs from tranche on device '57984'
[   0.187][d][vo/gpu-next/wayland] Compositor supports drm format: 'AB4H(0000000000000000)'
[   0.187][d][vo/gpu-next/wayland] Compositor supports drm format: 'AB4H(0100000000000001)'
[   0.187][d][vo/gpu-next/wayland] Compositor supports drm format: 'AB4H(0100000000000009)'
[   0.187][d][vo/gpu-next/wayland] Compositor supports drm format: 'AB4H(0100000000000010)'
[   0.187][d][vo/gpu-next/wayland] Compositor supports drm format: 'AB4H(00ffffffffffffff)'
[   0.187][d][vo/gpu-next/wayland] Compositor supports drm format: 'XB4H(0000000000000000)'
[   0.187][d][vo/gpu-next/wayland] Compositor supports drm format: 'XB4H(0100000000000001)'
[   0.187][d][vo/gpu-next/wayland] Compositor supports drm format: 'XB4H(0100000000000009)'
[   0.187][d][vo/gpu-next/wayland] Compositor supports drm format: 'XB4H(0100000000000010)'
[   0.187][d][vo/gpu-next/wayland] Compositor supports drm format: 'XB4H(00ffffffffffffff)'
[   0.187][d][vo/gpu-next/wayland] Compositor supports drm format: 'AR30(0000000000000000)'
[   0.187][d][vo/gpu-next/wayland] Compositor supports drm format: 'AR30(0100000000000001)'
[   0.187][d][vo/gpu-next/wayland] Compositor supports drm format: 'AR30(0100000000000009)'
[   0.187][d][vo/gpu-next/wayland] Compositor supports drm format: 'AR30(0100000000000010)'
[   0.187][d][vo/gpu-next/wayland] Compositor supports drm format: 'AR30(00ffffffffffffff)'
[   0.187][d][vo/gpu-next/wayland] Compositor supports drm format: 'XR30(0000000000000000)'
[   0.187][d][vo/gpu-next/wayland] Compositor supports drm format: 'XR30(0100000000000001)'
[   0.187][d][vo/gpu-next/wayland] Compositor supports drm format: 'XR30(0100000000000009)'
[   0.187][d][vo/gpu-next/wayland] Compositor supports drm format: 'XR30(0100000000000010)'
[   0.187][d][vo/gpu-next/wayland] Compositor supports drm format: 'XR30(00ffffffffffffff)'
[   0.187][d][vo/gpu-next/wayland] Compositor supports drm format: 'AB30(0000000000000000)'
[   0.187][d][vo/gpu-next/wayland] Compositor supports drm format: 'AB30(0100000000000001)'
[   0.187][d][vo/gpu-next/wayland] Compositor supports drm format: 'AB30(0100000000000009)'
[   0.187][d][vo/gpu-next/wayland] Compositor supports drm format: 'AB30(0100000000000010)'
[   0.187][d][vo/gpu-next/wayland] Compositor supports drm format: 'AB30(00ffffffffffffff)'
[   0.187][d][vo/gpu-next/wayland] Compositor supports drm format: 'XB30(0000000000000000)'
[   0.187][d][vo/gpu-next/wayland] Compositor supports drm format: 'XB30(0100000000000001)'
[   0.187][d][vo/gpu-next/wayland] Compositor supports drm format: 'XB30(0100000000000009)'
[   0.187][d][vo/gpu-next/wayland] Compositor supports drm format: 'XB30(0100000000000010)'
[   0.187][d][vo/gpu-next/wayland] Compositor supports drm format: 'XB30(00ffffffffffffff)'
[   0.187][d][vo/gpu-next/wayland] Compositor supports drm format: 'AR24(0000000000000000)'
[   0.187][d][vo/gpu-next/wayland] Compositor supports drm format: 'AR24(0100000000000001)'
[   0.187][d][vo/gpu-next/wayland] Compositor supports drm format: 'AR24(0100000000000009)'
[   0.187][d][vo/gpu-next/wayland] Compositor supports drm format: 'AR24(0100000000000010)'
[   0.187][d][vo/gpu-next/wayland] Compositor supports drm format: 'AR24(00ffffffffffffff)'
[   0.187][d][vo/gpu-next/wayland] Compositor supports drm format: 'AB24(0000000000000000)'
[   0.187][d][vo/gpu-next/wayland] Compositor supports drm format: 'AB24(0100000000000001)'
[   0.187][d][vo/gpu-next/wayland] Compositor supports drm format: 'AB24(0100000000000009)'
[   0.187][d][vo/gpu-next/wayland] Compositor supports drm format: 'AB24(0100000000000010)'
[   0.187][d][vo/gpu-next/wayland] Compositor supports drm format: 'AB24(00ffffffffffffff)'
[   0.187][d][vo/gpu-next/wayland] Compositor supports drm format: 'XR24(0000000000000000)'
[   0.187][d][vo/gpu-next/wayland] Compositor supports drm format: 'XR24(0100000000000001)'
[   0.187][d][vo/gpu-next/wayland] Compositor supports drm format: 'XR24(0100000000000009)'
[   0.187][d][vo/gpu-next/wayland] Compositor supports drm format: 'XR24(0100000000000010)'
[   0.187][d][vo/gpu-next/wayland] Compositor supports drm format: 'XR24(00ffffffffffffff)'
[   0.187][d][vo/gpu-next/wayland] Compositor supports drm format: 'XB24(0000000000000000)'
[   0.187][d][vo/gpu-next/wayland] Compositor supports drm format: 'XB24(0100000000000001)'
[   0.187][d][vo/gpu-next/wayland] Compositor supports drm format: 'XB24(0100000000000009)'
[   0.187][d][vo/gpu-next/wayland] Compositor supports drm format: 'XB24(0100000000000010)'
[   0.187][d][vo/gpu-next/wayland] Compositor supports drm format: 'XB24(00ffffffffffffff)'
[   0.187][d][vo/gpu-next/wayland] Compositor supports drm format: 'AR15(0000000000000000)'
[   0.187][d][vo/gpu-next/wayland] Compositor supports drm format: 'AR15(0100000000000001)'
[   0.187][d][vo/gpu-next/wayland] Compositor supports drm format: 'AR15(0100000000000009)'
[   0.187][d][vo/gpu-next/wayland] Compositor supports drm format: 'AR15(0100000000000010)'
[   0.187][d][vo/gpu-next/wayland] Compositor supports drm format: 'AR15(00ffffffffffffff)'
[   0.187][d][vo/gpu-next/wayland] Compositor supports drm format: 'AR12(0000000000000000)'
[   0.187][d][vo/gpu-next/wayland] Compositor supports drm format: 'AR12(0100000000000001)'
[   0.187][d][vo/gpu-next/wayland] Compositor supports drm format: 'AR12(0100000000000009)'
[   0.187][d][vo/gpu-next/wayland] Compositor supports drm format: 'AR12(0100000000000010)'
[   0.187][d][vo/gpu-next/wayland] Compositor supports drm format: 'AR12(00ffffffffffffff)'
[   0.187][d][vo/gpu-next/wayland] Compositor supports drm format: 'RG16(0000000000000000)'
[   0.187][d][vo/gpu-next/wayland] Compositor supports drm format: 'RG16(0100000000000001)'
[   0.187][d][vo/gpu-next/wayland] Compositor supports drm format: 'RG16(0100000000000009)'
[   0.187][d][vo/gpu-next/wayland] Compositor supports drm format: 'RG16(0100000000000010)'
[   0.187][d][vo/gpu-next/wayland] Compositor supports drm format: 'RG16(00ffffffffffffff)'
[   0.187][d][vo/gpu-next/wayland] Compositor supports drm format: 'R8  (0000000000000000)'
[   0.187][d][vo/gpu-next/wayland] Compositor supports drm format: 'R8  (0100000000000001)'
[   0.187][d][vo/gpu-next/wayland] Compositor supports drm format: 'R8  (0100000000000009)'
[   0.187][d][vo/gpu-next/wayland] Compositor supports drm format: 'R8  (0100000000000010)'
[   0.187][d][vo/gpu-next/wayland] Compositor supports drm format: 'R8  (00ffffffffffffff)'
[   0.187][d][vo/gpu-next/wayland] Compositor supports drm format: 'R16 (0000000000000000)'
[   0.187][d][vo/gpu-next/wayland] Compositor supports drm format: 'R16 (0100000000000001)'
[   0.187][d][vo/gpu-next/wayland] Compositor supports drm format: 'R16 (0100000000000009)'
[   0.187][d][vo/gpu-next/wayland] Compositor supports drm format: 'R16 (0100000000000010)'
[   0.187][d][vo/gpu-next/wayland] Compositor supports drm format: 'R16 (00ffffffffffffff)'
[   0.187][d][vo/gpu-next/wayland] Compositor supports drm format: 'GR88(0000000000000000)'
[   0.187][d][vo/gpu-next/wayland] Compositor supports drm format: 'GR88(0100000000000001)'
[   0.187][d][vo/gpu-next/wayland] Compositor supports drm format: 'GR88(0100000000000009)'
[   0.187][d][vo/gpu-next/wayland] Compositor supports drm format: 'GR88(0100000000000010)'
[   0.187][d][vo/gpu-next/wayland] Compositor supports drm format: 'GR88(00ffffffffffffff)'
[   0.187][d][vo/gpu-next/wayland] Compositor supports drm format: 'GR32(0000000000000000)'
[   0.187][d][vo/gpu-next/wayland] Compositor supports drm format: 'GR32(0100000000000001)'
[   0.187][d][vo/gpu-next/wayland] Compositor supports drm format: 'GR32(0100000000000009)'
[   0.187][d][vo/gpu-next/wayland] Compositor supports drm format: 'GR32(0100000000000010)'
[   0.187][d][vo/gpu-next/wayland] Compositor supports drm format: 'GR32(00ffffffffffffff)'
[   0.187][d][vo/gpu-next/wayland] Compositor supports drm format: 'YUV9(0000000000000000)'
[   0.187][d][vo/gpu-next/wayland] Compositor supports drm format: 'YUV9(0100000000000001)'
[   0.187][d][vo/gpu-next/wayland] Compositor supports drm format: 'YUV9(0100000000000009)'
[   0.187][d][vo/gpu-next/wayland] Compositor supports drm format: 'YUV9(00ffffffffffffff)'
[   0.187][d][vo/gpu-next/wayland] Compositor supports drm format: 'YU11(0000000000000000)'
[   0.187][d][vo/gpu-next/wayland] Compositor supports drm format: 'YU11(0100000000000001)'
[   0.187][d][vo/gpu-next/wayland] Compositor supports drm format: 'YU11(0100000000000009)'
[   0.187][d][vo/gpu-next/wayland] Compositor supports drm format: 'YU11(00ffffffffffffff)'
[   0.187][d][vo/gpu-next/wayland] Compositor supports drm format: 'YU12(0000000000000000)'
[   0.187][d][vo/gpu-next/wayland] Compositor supports drm format: 'YU12(0100000000000001)'
[   0.187][d][vo/gpu-next/wayland] Compositor supports drm format: 'YU12(0100000000000009)'
[   0.187][d][vo/gpu-next/wayland] Compositor supports drm format: 'YU12(00ffffffffffffff)'
[   0.187][d][vo/gpu-next/wayland] Compositor supports drm format: 'YU16(0000000000000000)'
[   0.187][d][vo/gpu-next/wayland] Compositor supports drm format: 'YU16(0100000000000001)'
[   0.187][d][vo/gpu-next/wayland] Compositor supports drm format: 'YU16(0100000000000009)'
[   0.187][d][vo/gpu-next/wayland] Compositor supports drm format: 'YU16(00ffffffffffffff)'
[   0.187][d][vo/gpu-next/wayland] Compositor supports drm format: 'YU24(0000000000000000)'
[   0.187][d][vo/gpu-next/wayland] Compositor supports drm format: 'YU24(0100000000000001)'
[   0.187][d][vo/gpu-next/wayland] Compositor supports drm format: 'YU24(0100000000000009)'
[   0.187][d][vo/gpu-next/wayland] Compositor supports drm format: 'YU24(00ffffffffffffff)'
[   0.187][d][vo/gpu-next/wayland] Compositor supports drm format: 'YVU9(0000000000000000)'
[   0.187][d][vo/gpu-next/wayland] Compositor supports drm format: 'YVU9(0100000000000001)'
[   0.187][d][vo/gpu-next/wayland] Compositor supports drm format: 'YVU9(0100000000000009)'
[   0.187][d][vo/gpu-next/wayland] Compositor supports drm format: 'YVU9(00ffffffffffffff)'
[   0.187][d][vo/gpu-next/wayland] Compositor supports drm format: 'YV11(0000000000000000)'
[   0.187][d][vo/gpu-next/wayland] Compositor supports drm format: 'YV11(0100000000000001)'
[   0.187][d][vo/gpu-next/wayland] Compositor supports drm format: 'YV11(0100000000000009)'
[   0.187][d][vo/gpu-next/wayland] Compositor supports drm format: 'YV11(00ffffffffffffff)'
[   0.187][d][vo/gpu-next/wayland] Compositor supports drm format: 'YV12(0000000000000000)'
[   0.187][d][vo/gpu-next/wayland] Compositor supports drm format: 'YV12(0100000000000001)'
[   0.187][d][vo/gpu-next/wayland] Compositor supports drm format: 'YV12(0100000000000009)'
[   0.187][d][vo/gpu-next/wayland] Compositor supports drm format: 'YV12(00ffffffffffffff)'
[   0.187][d][vo/gpu-next/wayland] Compositor supports drm format: 'YV16(0000000000000000)'
[   0.187][d][vo/gpu-next/wayland] Compositor supports drm format: 'YV16(0100000000000001)'
[   0.187][d][vo/gpu-next/wayland] Compositor supports drm format: 'YV16(0100000000000009)'
[   0.187][d][vo/gpu-next/wayland] Compositor supports drm format: 'YV16(00ffffffffffffff)'
[   0.187][d][vo/gpu-next/wayland] Compositor supports drm format: 'YV24(0000000000000000)'
[   0.187][d][vo/gpu-next/wayland] Compositor supports drm format: 'YV24(0100000000000001)'
[   0.187][d][vo/gpu-next/wayland] Compositor supports drm format: 'YV24(0100000000000009)'
[   0.187][d][vo/gpu-next/wayland] Compositor supports drm format: 'YV24(00ffffffffffffff)'
[   0.187][d][vo/gpu-next/wayland] Compositor supports drm format: 'NV12(0000000000000000)'
[   0.187][d][vo/gpu-next/wayland] Compositor supports drm format: 'NV12(0100000000000001)'
[   0.187][d][vo/gpu-next/wayland] Compositor supports drm format: 'NV12(0100000000000009)'
[   0.187][d][vo/gpu-next/wayland] Compositor supports drm format: 'NV12(0100000000000010)'
[   0.187][d][vo/gpu-next/wayland] Compositor supports drm format: 'NV12(00ffffffffffffff)'
[   0.187][d][vo/gpu-next/wayland] Compositor supports drm format: 'NV21(0000000000000000)'
[   0.187][d][vo/gpu-next/wayland] Compositor supports drm format: 'NV21(0100000000000001)'
[   0.187][d][vo/gpu-next/wayland] Compositor supports drm format: 'NV21(0100000000000009)'
[   0.187][d][vo/gpu-next/wayland] Compositor supports drm format: 'NV21(00ffffffffffffff)'
[   0.187][d][vo/gpu-next/wayland] Compositor supports drm format: 'P010(0000000000000000)'
[   0.187][d][vo/gpu-next/wayland] Compositor supports drm format: 'P010(0100000000000001)'
[   0.187][d][vo/gpu-next/wayland] Compositor supports drm format: 'P010(0100000000000009)'
[   0.187][d][vo/gpu-next/wayland] Compositor supports drm format: 'P010(00ffffffffffffff)'
[   0.187][d][vo/gpu-next/wayland] Compositor supports drm format: 'P012(0000000000000000)'
[   0.187][d][vo/gpu-next/wayland] Compositor supports drm format: 'P012(0100000000000001)'
[   0.187][d][vo/gpu-next/wayland] Compositor supports drm format: 'P012(0100000000000009)'
[   0.187][d][vo/gpu-next/wayland] Compositor supports drm format: 'P012(00ffffffffffffff)'
[   0.187][d][vo/gpu-next/wayland] Compositor supports drm format: 'P016(0000000000000000)'
[   0.187][d][vo/gpu-next/wayland] Compositor supports drm format: 'P016(0100000000000001)'
[   0.187][d][vo/gpu-next/wayland] Compositor supports drm format: 'P016(0100000000000009)'
[   0.187][d][vo/gpu-next/wayland] Compositor supports drm format: 'P016(00ffffffffffffff)'
[   0.187][d][vo/gpu-next/wayland] Compositor supports drm format: 'NV16(0000000000000000)'
[   0.187][d][vo/gpu-next/wayland] Compositor supports drm format: 'NV16(0100000000000001)'
[   0.187][d][vo/gpu-next/wayland] Compositor supports drm format: 'NV16(0100000000000009)'
[   0.187][d][vo/gpu-next/wayland] Compositor supports drm format: 'NV16(00ffffffffffffff)'
[   0.187][d][vo/gpu-next/wayland] Compositor supports drm format: 'NV61(0000000000000000)'
[   0.187][d][vo/gpu-next/wayland] Compositor supports drm format: 'NV61(0100000000000001)'
[   0.187][d][vo/gpu-next/wayland] Compositor supports drm format: 'NV61(0100000000000009)'
[   0.187][d][vo/gpu-next/wayland] Compositor supports drm format: 'NV61(00ffffffffffffff)'
[   0.187][d][vo/gpu-next/wayland] Compositor supports drm format: 'NV24(0000000000000000)'
[   0.187][d][vo/gpu-next/wayland] Compositor supports drm format: 'NV24(0100000000000001)'
[   0.187][d][vo/gpu-next/wayland] Compositor supports drm format: 'NV24(0100000000000009)'
[   0.187][d][vo/gpu-next/wayland] Compositor supports drm format: 'NV24(00ffffffffffffff)'
[   0.187][d][vo/gpu-next/wayland] Compositor supports drm format: 'NV42(0000000000000000)'
[   0.187][d][vo/gpu-next/wayland] Compositor supports drm format: 'NV42(0100000000000001)'
[   0.187][d][vo/gpu-next/wayland] Compositor supports drm format: 'NV42(0100000000000009)'
[   0.187][d][vo/gpu-next/wayland] Compositor supports drm format: 'NV42(00ffffffffffffff)'
[   0.187][d][vo/gpu-next/wayland] Compositor supports drm format: 'AYUV(0000000000000000)'
[   0.188][d][vo/gpu-next/wayland] Compositor supports drm format: 'AYUV(0100000000000001)'
[   0.188][d][vo/gpu-next/wayland] Compositor supports drm format: 'AYUV(0100000000000009)'
[   0.188][d][vo/gpu-next/wayland] Compositor supports drm format: 'AYUV(00ffffffffffffff)'
[   0.188][d][vo/gpu-next/wayland] Compositor supports drm format: 'XYUV(0000000000000000)'
[   0.188][d][vo/gpu-next/wayland] Compositor supports drm format: 'XYUV(0100000000000001)'
[   0.188][d][vo/gpu-next/wayland] Compositor supports drm format: 'XYUV(0100000000000009)'
[   0.188][d][vo/gpu-next/wayland] Compositor supports drm format: 'XYUV(00ffffffffffffff)'
[   0.188][d][vo/gpu-next/wayland] Compositor supports drm format: 'Y410(0000000000000000)'
[   0.188][d][vo/gpu-next/wayland] Compositor supports drm format: 'Y410(0100000000000001)'
[   0.188][d][vo/gpu-next/wayland] Compositor supports drm format: 'Y410(0100000000000009)'
[   0.188][d][vo/gpu-next/wayland] Compositor supports drm format: 'Y410(00ffffffffffffff)'
[   0.188][d][vo/gpu-next/wayland] Compositor supports drm format: 'Y412(0000000000000000)'
[   0.188][d][vo/gpu-next/wayland] Compositor supports drm format: 'Y412(0100000000000001)'
[   0.188][d][vo/gpu-next/wayland] Compositor supports drm format: 'Y412(0100000000000009)'
[   0.188][d][vo/gpu-next/wayland] Compositor supports drm format: 'Y412(00ffffffffffffff)'
[   0.188][d][vo/gpu-next/wayland] Compositor supports drm format: 'Y416(0000000000000000)'
[   0.188][d][vo/gpu-next/wayland] Compositor supports drm format: 'Y416(0100000000000001)'
[   0.188][d][vo/gpu-next/wayland] Compositor supports drm format: 'Y416(0100000000000009)'
[   0.188][d][vo/gpu-next/wayland] Compositor supports drm format: 'Y416(00ffffffffffffff)'
[   0.188][d][vo/gpu-next/wayland] Compositor supports drm format: 'YUYV(0000000000000000)'
[   0.188][d][vo/gpu-next/wayland] Compositor supports drm format: 'YUYV(0100000000000001)'
[   0.188][d][vo/gpu-next/wayland] Compositor supports drm format: 'YUYV(0100000000000009)'
[   0.188][d][vo/gpu-next/wayland] Compositor supports drm format: 'YUYV(0100000000000010)'
[   0.188][d][vo/gpu-next/wayland] Compositor supports drm format: 'YUYV(00ffffffffffffff)'
[   0.188][d][vo/gpu-next/wayland] Compositor supports drm format: 'YVYU(0000000000000000)'
[   0.188][d][vo/gpu-next/wayland] Compositor supports drm format: 'YVYU(0100000000000001)'
[   0.188][d][vo/gpu-next/wayland] Compositor supports drm format: 'YVYU(0100000000000009)'
[   0.188][d][vo/gpu-next/wayland] Compositor supports drm format: 'YVYU(00ffffffffffffff)'
[   0.188][d][vo/gpu-next/wayland] Compositor supports drm format: 'UYVY(0000000000000000)'
[   0.188][d][vo/gpu-next/wayland] Compositor supports drm format: 'UYVY(0100000000000001)'
[   0.188][d][vo/gpu-next/wayland] Compositor supports drm format: 'UYVY(0100000000000009)'
[   0.188][d][vo/gpu-next/wayland] Compositor supports drm format: 'UYVY(0100000000000010)'
[   0.188][d][vo/gpu-next/wayland] Compositor supports drm format: 'UYVY(00ffffffffffffff)'
[   0.188][d][vo/gpu-next/wayland] Compositor supports drm format: 'VYUY(0000000000000000)'
[   0.188][d][vo/gpu-next/wayland] Compositor supports drm format: 'VYUY(0100000000000001)'
[   0.188][d][vo/gpu-next/wayland] Compositor supports drm format: 'VYUY(0100000000000009)'
[   0.188][d][vo/gpu-next/wayland] Compositor supports drm format: 'VYUY(00ffffffffffffff)'
[   0.188][d][vo/gpu-next/wayland] Compositor supports drm format: 'Y210(0000000000000000)'
[   0.188][d][vo/gpu-next/wayland] Compositor supports drm format: 'Y210(0100000000000001)'
[   0.188][d][vo/gpu-next/wayland] Compositor supports drm format: 'Y210(0100000000000009)'
[   0.188][d][vo/gpu-next/wayland] Compositor supports drm format: 'Y210(00ffffffffffffff)'
[   0.188][d][vo/gpu-next/wayland] Compositor supports drm format: 'Y212(0000000000000000)'
[   0.188][d][vo/gpu-next/wayland] Compositor supports drm format: 'Y212(0100000000000001)'
[   0.188][d][vo/gpu-next/wayland] Compositor supports drm format: 'Y212(0100000000000009)'
[   0.188][d][vo/gpu-next/wayland] Compositor supports drm format: 'Y212(00ffffffffffffff)'
[   0.188][d][vo/gpu-next/wayland] Compositor supports drm format: 'Y216(0000000000000000)'
[   0.188][d][vo/gpu-next/wayland] Compositor supports drm format: 'Y216(0100000000000001)'
[   0.188][d][vo/gpu-next/wayland] Compositor supports drm format: 'Y216(0100000000000009)'
[   0.188][d][vo/gpu-next/wayland] Compositor supports drm format: 'Y216(00ffffffffffffff)'
[   0.188][v][vo/gpu-next/wayland] Registered output Samsung Display Corp. 0x4188 (eDP-1) (0x2c):
[   0.188][v][vo/gpu-next/wayland] 	x: 1920px, y: 0px
[   0.188][v][vo/gpu-next/wayland] 	w: 2880px (340mm), h: 1800px (220mm)
[   0.188][v][vo/gpu-next/wayland] 	transform: 0
[   0.188][v][vo/gpu-next/wayland] 	scale: 2.000000
[   0.188][v][vo/gpu-next/wayland] 	Hz: 120.001000
[   0.188][v][vo/gpu-next/wayland] Registered output Microstep MSI G27C4 E2 (DP-3) (0x2e):
[   0.188][v][vo/gpu-next/wayland] 	x: 0px, y: 0px
[   0.188][v][vo/gpu-next/wayland] 	w: 1920px (600mm), h: 1080px (340mm)
[   0.188][v][vo/gpu-next/wayland] 	transform: 0
[   0.188][v][vo/gpu-next/wayland] 	scale: 1.000000
[   0.188][v][vo/gpu-next/wayland] 	Hz: 169.997000
[   0.188][v][vo/gpu-next/wayland] Obtained preferred fractional scale, 1.500000, from the compositor.
[   0.188][v][vo/gpu-next/wayland] Enabling server decorations
[   0.188][v][vo/gpu-next/libplacebo] Probing for vulkan devices:
[   0.191][d][vo/gpu-next/libplacebo] Spent 3.026 ms enumerating physical devices
[   0.191][v][vo/gpu-next/libplacebo]     GPU 0: Intel(R) Graphics (LNL) v1.4.348 (integrated)
[   0.191][v][vo/gpu-next/libplacebo]            uuid: 86:80:A0:64:04:00:00:00:00:02:00:00:00:00:00:00
[   0.191][v][vo/gpu-next/libplacebo]     GPU 1: AMD Radeon RX 9060 XT (RADV GFX1200) v1.4.348 (discrete)
[   0.191][v][vo/gpu-next/libplacebo]            uuid: 00:00:00:00:2F:00:00:00:00:00:00:00:00:00:00:00
[   0.191][v][vo/gpu-next/libplacebo]     GPU 2: llvmpipe (LLVM 21.1.8, 256 bits) v1.4.348 (software)
[   0.191][v][vo/gpu-next/libplacebo]            uuid: 6D:65:73:61:32:36:2E:31:2E:32:00:00:00:00:00:00
[   0.191][d][vo/gpu-next/libplacebo]       -> excluding due to !params->allow_software
[   0.191][v][vo/gpu-next/libplacebo] Vulkan device properties:
[   0.191][v][vo/gpu-next/libplacebo]     Device Name: AMD Radeon RX 9060 XT (RADV GFX1200)
[   0.191][v][vo/gpu-next/libplacebo]     Device ID: 1002:7590
[   0.191][v][vo/gpu-next/libplacebo]     Device UUID: 00:00:00:00:2F:00:00:00:00:00:00:00:00:00:00:00
[   0.191][v][vo/gpu-next/libplacebo]     Driver version: 6801002
[   0.191][v][vo/gpu-next/libplacebo]     API version: 1.4.348
[   0.191][v][vo/gpu-next/libplacebo]     Driver ID: VK_DRIVER_ID_MESA_RADV
[   0.191][v][vo/gpu-next/libplacebo]     Driver name: radv
[   0.191][v][vo/gpu-next/libplacebo]     Driver info: Mesa 26.1.2
[   0.191][v][vo/gpu-next/libplacebo]     Conformance version: 1.4.0.0
[   0.191][v][vo/gpu-next/libplacebo]     Driver UUID: 41:4D:44:2D:4D:45:53:41:2D:44:52:56:00:00:00:00
[   0.191][d][vo/gpu-next/libplacebo] Queue families supported by device:
[   0.191][d][vo/gpu-next/libplacebo]     0: flags 0xf num 1
[   0.191][d][vo/gpu-next/libplacebo]     1: flags 0xe num 4
[   0.191][d][vo/gpu-next/libplacebo]     2: flags 0x20 num 1
[   0.191][d][vo/gpu-next/libplacebo]     3: flags 0x40 num 1
[   0.191][d][vo/gpu-next/libplacebo]     4: flags 0x8 num 1
[   0.191][d][vo/gpu-next/libplacebo] Using graphics queue 0
[   0.191][v][vo/gpu-next/libplacebo] Using async transfer (queue 1)
[   0.191][v][vo/gpu-next/libplacebo] Using async compute (queue 1)
[   0.191][d][vo/gpu-next/libplacebo] Spent 0.033 ms enumerating device extensions
[   0.191][d][vo/gpu-next/libplacebo] Available device extensions:
[   0.191][d][vo/gpu-next/libplacebo]     VK_KHR_8bit_storage
[   0.191][d][vo/gpu-next/libplacebo]     VK_KHR_16bit_storage
[   0.191][d][vo/gpu-next/libplacebo]     VK_KHR_acceleration_structure
[   0.192][d][vo/gpu-next/libplacebo]     VK_KHR_bind_memory2
[   0.192][d][vo/gpu-next/libplacebo]     VK_KHR_buffer_device_address
[   0.192][d][vo/gpu-next/libplacebo]     VK_KHR_calibrated_timestamps
[   0.192][d][vo/gpu-next/libplacebo]     VK_KHR_compute_shader_derivatives
[   0.192][d][vo/gpu-next/libplacebo]     VK_KHR_cooperative_matrix
[   0.192][d][vo/gpu-next/libplacebo]     VK_KHR_copy_commands2
[   0.192][d][vo/gpu-next/libplacebo]     VK_KHR_copy_memory_indirect
[   0.192][d][vo/gpu-next/libplacebo]     VK_KHR_create_renderpass2
[   0.192][d][vo/gpu-next/libplacebo]     VK_KHR_dedicated_allocation
[   0.192][d][vo/gpu-next/libplacebo]     VK_KHR_deferred_host_operations
[   0.192][d][vo/gpu-next/libplacebo]     VK_KHR_depth_clamp_zero_one
[   0.192][d][vo/gpu-next/libplacebo]     VK_KHR_depth_stencil_resolve
[   0.192][d][vo/gpu-next/libplacebo]     VK_KHR_descriptor_update_template
[   0.192][d][vo/gpu-next/libplacebo]     VK_KHR_device_address_commands
[   0.192][d][vo/gpu-next/libplacebo]     VK_KHR_device_group
[   0.192][d][vo/gpu-next/libplacebo]     VK_KHR_draw_indirect_count
[   0.192][d][vo/gpu-next/libplacebo]     VK_KHR_driver_properties
[   0.192][d][vo/gpu-next/libplacebo]     VK_KHR_dynamic_rendering
[   0.192][d][vo/gpu-next/libplacebo]     VK_KHR_dynamic_rendering_local_read
[   0.192][d][vo/gpu-next/libplacebo]     VK_KHR_external_fence
[   0.192][d][vo/gpu-next/libplacebo]     VK_KHR_external_fence_fd
[   0.192][d][vo/gpu-next/libplacebo]     VK_KHR_external_memory
[   0.192][d][vo/gpu-next/libplacebo]     VK_KHR_external_memory_fd
[   0.192][d][vo/gpu-next/libplacebo]     VK_KHR_external_semaphore
[   0.192][d][vo/gpu-next/libplacebo]     VK_KHR_external_semaphore_fd
[   0.192][d][vo/gpu-next/libplacebo]     VK_KHR_format_feature_flags2
[   0.192][d][vo/gpu-next/libplacebo]     VK_KHR_fragment_shader_barycentric
[   0.192][d][vo/gpu-next/libplacebo]     VK_KHR_fragment_shading_rate
[   0.192][d][vo/gpu-next/libplacebo]     VK_KHR_get_memory_requirements2
[   0.192][d][vo/gpu-next/libplacebo]     VK_KHR_global_priority
[   0.192][d][vo/gpu-next/libplacebo]     VK_KHR_image_format_list
[   0.192][d][vo/gpu-next/libplacebo]     VK_KHR_imageless_framebuffer
[   0.192][d][vo/gpu-next/libplacebo]     VK_KHR_incremental_present
[   0.192][d][vo/gpu-next/libplacebo]     VK_KHR_index_type_uint8
[   0.192][d][vo/gpu-next/libplacebo]     VK_KHR_internally_synchronized_queues
[   0.192][d][vo/gpu-next/libplacebo]     VK_KHR_line_rasterization
[   0.192][d][vo/gpu-next/libplacebo]     VK_KHR_load_store_op_none
[   0.192][d][vo/gpu-next/libplacebo]     VK_KHR_maintenance1
[   0.192][d][vo/gpu-next/libplacebo]     VK_KHR_maintenance2
[   0.192][d][vo/gpu-next/libplacebo]     VK_KHR_maintenance3
[   0.192][d][vo/gpu-next/libplacebo]     VK_KHR_maintenance4
[   0.192][d][vo/gpu-next/libplacebo]     VK_KHR_maintenance5
[   0.192][d][vo/gpu-next/libplacebo]     VK_KHR_maintenance6
[   0.192][d][vo/gpu-next/libplacebo]     VK_KHR_maintenance7
[   0.192][d][vo/gpu-next/libplacebo]     VK_KHR_maintenance8
[   0.192][d][vo/gpu-next/libplacebo]     VK_KHR_maintenance9
[   0.192][d][vo/gpu-next/libplacebo]     VK_KHR_maintenance10
[   0.192][d][vo/gpu-next/libplacebo]     VK_KHR_map_memory2
[   0.192][d][vo/gpu-next/libplacebo]     VK_KHR_multiview
[   0.192][d][vo/gpu-next/libplacebo]     VK_KHR_pipeline_binary
[   0.192][d][vo/gpu-next/libplacebo]     VK_KHR_pipeline_executable_properties
[   0.192][d][vo/gpu-next/libplacebo]     VK_KHR_pipeline_library
[   0.192][d][vo/gpu-next/libplacebo]     VK_KHR_present_id
[   0.192][d][vo/gpu-next/libplacebo]     VK_KHR_present_id2
[   0.192][d][vo/gpu-next/libplacebo]     VK_KHR_present_wait
[   0.192][d][vo/gpu-next/libplacebo]     VK_KHR_present_wait2
[   0.192][d][vo/gpu-next/libplacebo]     VK_KHR_push_descriptor
[   0.192][d][vo/gpu-next/libplacebo]     VK_KHR_ray_query
[   0.192][d][vo/gpu-next/libplacebo]     VK_KHR_ray_tracing_maintenance1
[   0.192][d][vo/gpu-next/libplacebo]     VK_KHR_ray_tracing_pipeline
[   0.192][d][vo/gpu-next/libplacebo]     VK_KHR_ray_tracing_position_fetch
[   0.192][d][vo/gpu-next/libplacebo]     VK_KHR_relaxed_block_layout
[   0.192][d][vo/gpu-next/libplacebo]     VK_KHR_robustness2
[   0.192][d][vo/gpu-next/libplacebo]     VK_KHR_sampler_mirror_clamp_to_edge
[   0.192][d][vo/gpu-next/libplacebo]     VK_KHR_sampler_ycbcr_conversion
[   0.192][d][vo/gpu-next/libplacebo]     VK_KHR_separate_depth_stencil_layouts
[   0.192][d][vo/gpu-next/libplacebo]     VK_KHR_shader_atomic_int64
[   0.192][d][vo/gpu-next/libplacebo]     VK_KHR_shader_bfloat16
[   0.192][d][vo/gpu-next/libplacebo]     VK_KHR_shader_clock
[   0.192][d][vo/gpu-next/libplacebo]     VK_KHR_shader_draw_parameters
[   0.192][d][vo/gpu-next/libplacebo]     VK_KHR_shader_expect_assume
[   0.192][d][vo/gpu-next/libplacebo]     VK_KHR_shader_float16_int8
[   0.192][d][vo/gpu-next/libplacebo]     VK_KHR_shader_float_controls
[   0.192][d][vo/gpu-next/libplacebo]     VK_KHR_shader_float_controls2
[   0.192][d][vo/gpu-next/libplacebo]     VK_KHR_shader_integer_dot_product
[   0.192][d][vo/gpu-next/libplacebo]     VK_KHR_shader_maximal_reconvergence
[   0.192][d][vo/gpu-next/libplacebo]     VK_KHR_shader_non_semantic_info
[   0.192][d][vo/gpu-next/libplacebo]     VK_KHR_shader_quad_control
[   0.192][d][vo/gpu-next/libplacebo]     VK_KHR_shader_relaxed_extended_instruction
[   0.192][d][vo/gpu-next/libplacebo]     VK_KHR_shader_subgroup_extended_types
[   0.192][d][vo/gpu-next/libplacebo]     VK_KHR_shader_subgroup_rotate
[   0.192][d][vo/gpu-next/libplacebo]     VK_KHR_shader_subgroup_uniform_control_flow
[   0.192][d][vo/gpu-next/libplacebo]     VK_KHR_shader_terminate_invocation
[   0.192][d][vo/gpu-next/libplacebo]     VK_KHR_shader_untyped_pointers
[   0.192][d][vo/gpu-next/libplacebo]     VK_KHR_spirv_1_4
[   0.192][d][vo/gpu-next/libplacebo]     VK_KHR_storage_buffer_storage_class
[   0.192][d][vo/gpu-next/libplacebo]     VK_KHR_swapchain
[   0.192][d][vo/gpu-next/libplacebo]     VK_KHR_swapchain_maintenance1
[   0.192][d][vo/gpu-next/libplacebo]     VK_KHR_swapchain_mutable_format
[   0.192][d][vo/gpu-next/libplacebo]     VK_KHR_synchronization2
[   0.192][d][vo/gpu-next/libplacebo]     VK_KHR_timeline_semaphore
[   0.192][d][vo/gpu-next/libplacebo]     VK_KHR_unified_image_layouts
[   0.192][d][vo/gpu-next/libplacebo]     VK_KHR_uniform_buffer_standard_layout
[   0.192][d][vo/gpu-next/libplacebo]     VK_KHR_variable_pointers
[   0.192][d][vo/gpu-next/libplacebo]     VK_KHR_vertex_attribute_divisor
[   0.192][d][vo/gpu-next/libplacebo]     VK_KHR_video_decode_av1
[   0.192][d][vo/gpu-next/libplacebo]     VK_KHR_video_decode_h264
[   0.192][d][vo/gpu-next/libplacebo]     VK_KHR_video_decode_h265
[   0.192][d][vo/gpu-next/libplacebo]     VK_KHR_video_decode_queue
[   0.192][d][vo/gpu-next/libplacebo]     VK_KHR_video_decode_vp9
[   0.192][d][vo/gpu-next/libplacebo]     VK_KHR_video_encode_av1
[   0.192][d][vo/gpu-next/libplacebo]     VK_KHR_video_encode_h264
[   0.192][d][vo/gpu-next/libplacebo]     VK_KHR_video_encode_h265
[   0.192][d][vo/gpu-next/libplacebo]     VK_KHR_video_encode_intra_refresh
[   0.192][d][vo/gpu-next/libplacebo]     VK_KHR_video_encode_quantization_map
[   0.192][d][vo/gpu-next/libplacebo]     VK_KHR_video_encode_queue
[   0.192][d][vo/gpu-next/libplacebo]     VK_KHR_video_maintenance1
[   0.192][d][vo/gpu-next/libplacebo]     VK_KHR_video_maintenance2
[   0.192][d][vo/gpu-next/libplacebo]     VK_KHR_video_queue
[   0.192][d][vo/gpu-next/libplacebo]     VK_KHR_vulkan_memory_model
[   0.192][d][vo/gpu-next/libplacebo]     VK_KHR_workgroup_memory_explicit_layout
[   0.192][d][vo/gpu-next/libplacebo]     VK_KHR_zero_initialize_workgroup_memory
[   0.192][d][vo/gpu-next/libplacebo]     VK_EXT_4444_formats
[   0.192][d][vo/gpu-next/libplacebo]     VK_EXT_attachment_feedback_loop_dynamic_state
[   0.192][d][vo/gpu-next/libplacebo]     VK_EXT_attachment_feedback_loop_layout
[   0.192][d][vo/gpu-next/libplacebo]     VK_EXT_border_color_swizzle
[   0.192][d][vo/gpu-next/libplacebo]     VK_EXT_buffer_device_address
[   0.192][d][vo/gpu-next/libplacebo]     VK_EXT_calibrated_timestamps
[   0.192][d][vo/gpu-next/libplacebo]     VK_EXT_color_write_enable
[   0.192][d][vo/gpu-next/libplacebo]     VK_EXT_conditional_rendering
[   0.192][d][vo/gpu-next/libplacebo]     VK_EXT_conservative_rasterization
[   0.192][d][vo/gpu-next/libplacebo]     VK_EXT_custom_border_color
[   0.192][d][vo/gpu-next/libplacebo]     VK_EXT_custom_resolve
[   0.192][d][vo/gpu-next/libplacebo]     VK_EXT_depth_bias_control
[   0.192][d][vo/gpu-next/libplacebo]     VK_EXT_depth_clamp_control
[   0.192][d][vo/gpu-next/libplacebo]     VK_EXT_depth_clamp_zero_one
[   0.192][d][vo/gpu-next/libplacebo]     VK_EXT_depth_clip_control
[   0.192][d][vo/gpu-next/libplacebo]     VK_EXT_depth_clip_enable
[   0.192][d][vo/gpu-next/libplacebo]     VK_EXT_depth_range_unrestricted
[   0.192][d][vo/gpu-next/libplacebo]     VK_EXT_descriptor_buffer
[   0.192][d][vo/gpu-next/libplacebo]     VK_EXT_descriptor_indexing
[   0.192][d][vo/gpu-next/libplacebo]     VK_EXT_device_address_binding_report
[   0.192][d][vo/gpu-next/libplacebo]     VK_EXT_device_fault
[   0.192][d][vo/gpu-next/libplacebo]     VK_EXT_device_generated_commands
[   0.192][d][vo/gpu-next/libplacebo]     VK_EXT_device_memory_report
[   0.192][d][vo/gpu-next/libplacebo]     VK_EXT_discard_rectangles
[   0.192][d][vo/gpu-next/libplacebo]     VK_EXT_display_control
[   0.192][d][vo/gpu-next/libplacebo]     VK_EXT_dynamic_rendering_unused_attachments
[   0.192][d][vo/gpu-next/libplacebo]     VK_EXT_extended_dynamic_state
[   0.192][d][vo/gpu-next/libplacebo]     VK_EXT_extended_dynamic_state2
[   0.192][d][vo/gpu-next/libplacebo]     VK_EXT_extended_dynamic_state3
[   0.192][d][vo/gpu-next/libplacebo]     VK_EXT_external_memory_acquire_unmodified
[   0.192][d][vo/gpu-next/libplacebo]     VK_EXT_external_memory_dma_buf
[   0.192][d][vo/gpu-next/libplacebo]     VK_EXT_external_memory_host
[   0.192][d][vo/gpu-next/libplacebo]     VK_EXT_fragment_shader_interlock
[   0.192][d][vo/gpu-next/libplacebo]     VK_EXT_global_priority
[   0.192][d][vo/gpu-next/libplacebo]     VK_EXT_global_priority_query
[   0.192][d][vo/gpu-next/libplacebo]     VK_EXT_graphics_pipeline_library
[   0.192][d][vo/gpu-next/libplacebo]     VK_EXT_hdr_metadata
[   0.192][d][vo/gpu-next/libplacebo]     VK_EXT_host_query_reset
[   0.192][d][vo/gpu-next/libplacebo]     VK_EXT_image_2d_view_of_3d
[   0.192][d][vo/gpu-next/libplacebo]     VK_EXT_image_drm_format_modifier
[   0.192][d][vo/gpu-next/libplacebo]     VK_EXT_image_robustness
[   0.192][d][vo/gpu-next/libplacebo]     VK_EXT_image_sliced_view_of_3d
[   0.192][d][vo/gpu-next/libplacebo]     VK_EXT_image_view_min_lod
[   0.192][d][vo/gpu-next/libplacebo]     VK_EXT_index_type_uint8
[   0.192][d][vo/gpu-next/libplacebo]     VK_EXT_inline_uniform_block
[   0.192][d][vo/gpu-next/libplacebo]     VK_EXT_legacy_vertex_attributes
[   0.192][d][vo/gpu-next/libplacebo]     VK_EXT_line_rasterization
[   0.192][d][vo/gpu-next/libplacebo]     VK_EXT_load_store_op_none
[   0.192][d][vo/gpu-next/libplacebo]     VK_EXT_map_memory_placed
[   0.192][d][vo/gpu-next/libplacebo]     VK_EXT_memory_budget
[   0.192][d][vo/gpu-next/libplacebo]     VK_EXT_memory_priority
[   0.192][d][vo/gpu-next/libplacebo]     VK_EXT_mesh_shader
[   0.192][d][vo/gpu-next/libplacebo]     VK_EXT_multi_draw
[   0.192][d][vo/gpu-next/libplacebo]     VK_EXT_mutable_descriptor_type
[   0.192][d][vo/gpu-next/libplacebo]     VK_EXT_nested_command_buffer
[   0.192][d][vo/gpu-next/libplacebo]     VK_EXT_non_seamless_cube_map
[   0.192][d][vo/gpu-next/libplacebo]     VK_EXT_pci_bus_info
[   0.192][d][vo/gpu-next/libplacebo]     VK_EXT_physical_device_drm
[   0.192][d][vo/gpu-next/libplacebo]     VK_EXT_pipeline_creation_cache_control
[   0.192][d][vo/gpu-next/libplacebo]     VK_EXT_pipeline_creation_feedback
[   0.192][d][vo/gpu-next/libplacebo]     VK_EXT_pipeline_library_group_handles
[   0.192][d][vo/gpu-next/libplacebo]     VK_EXT_pipeline_robustness
[   0.192][d][vo/gpu-next/libplacebo]     VK_EXT_post_depth_coverage
[   0.192][d][vo/gpu-next/libplacebo]     VK_EXT_present_timing
[   0.192][d][vo/gpu-next/libplacebo]     VK_EXT_primitive_restart_index
[   0.192][d][vo/gpu-next/libplacebo]     VK_EXT_primitive_topology_list_restart
[   0.192][d][vo/gpu-next/libplacebo]     VK_EXT_primitives_generated_query
[   0.192][d][vo/gpu-next/libplacebo]     VK_EXT_private_data
[   0.192][d][vo/gpu-next/libplacebo]     VK_EXT_provoking_vertex
[   0.192][d][vo/gpu-next/libplacebo]     VK_EXT_queue_family_foreign
[   0.192][d][vo/gpu-next/libplacebo]     VK_EXT_robustness2
[   0.192][d][vo/gpu-next/libplacebo]     VK_EXT_sample_locations
[   0.192][d][vo/gpu-next/libplacebo]     VK_EXT_sampler_filter_minmax
[   0.192][d][vo/gpu-next/libplacebo]     VK_EXT_scalar_block_layout
[   0.192][d][vo/gpu-next/libplacebo]     VK_EXT_separate_stencil_usage
[   0.192][d][vo/gpu-next/libplacebo]     VK_EXT_shader_atomic_float
[   0.192][d][vo/gpu-next/libplacebo]     VK_EXT_shader_atomic_float2
[   0.192][d][vo/gpu-next/libplacebo]     VK_EXT_shader_demote_to_helper_invocation
[   0.192][d][vo/gpu-next/libplacebo]     VK_EXT_shader_float8
[   0.192][d][vo/gpu-next/libplacebo]     VK_EXT_shader_image_atomic_int64
[   0.192][d][vo/gpu-next/libplacebo]     VK_EXT_shader_module_identifier
[   0.192][d][vo/gpu-next/libplacebo]     VK_EXT_shader_object
[   0.192][d][vo/gpu-next/libplacebo]     VK_EXT_shader_replicated_composites
[   0.192][d][vo/gpu-next/libplacebo]     VK_EXT_shader_stencil_export
[   0.192][d][vo/gpu-next/libplacebo]     VK_EXT_shader_subgroup_ballot
[   0.192][d][vo/gpu-next/libplacebo]     VK_EXT_shader_subgroup_vote
[   0.192][d][vo/gpu-next/libplacebo]     VK_EXT_shader_uniform_buffer_unsized_array
[   0.192][d][vo/gpu-next/libplacebo]     VK_EXT_shader_viewport_index_layer
[   0.192][d][vo/gpu-next/libplacebo]     VK_EXT_subgroup_size_control
[   0.192][d][vo/gpu-next/libplacebo]     VK_EXT_swapchain_maintenance1
[   0.192][d][vo/gpu-next/libplacebo]     VK_EXT_texel_buffer_alignment
[   0.192][d][vo/gpu-next/libplacebo]     VK_EXT_tooling_info
[   0.192][d][vo/gpu-next/libplacebo]     VK_EXT_transform_feedback
[   0.192][d][vo/gpu-next/libplacebo]     VK_EXT_vertex_attribute_divisor
[   0.192][d][vo/gpu-next/libplacebo]     VK_EXT_vertex_input_dynamic_state
[   0.192][d][vo/gpu-next/libplacebo]     VK_EXT_ycbcr_2plane_444_formats
[   0.192][d][vo/gpu-next/libplacebo]     VK_EXT_ycbcr_image_arrays
[   0.192][d][vo/gpu-next/libplacebo]     VK_EXT_zero_initialize_device_memory
[   0.192][d][vo/gpu-next/libplacebo]     VK_AMD_buffer_marker
[   0.192][d][vo/gpu-next/libplacebo]     VK_AMD_device_coherent_memory
[   0.192][d][vo/gpu-next/libplacebo]     VK_AMD_draw_indirect_count
[   0.192][d][vo/gpu-next/libplacebo]     VK_AMD_gcn_shader
[   0.192][d][vo/gpu-next/libplacebo]     VK_AMD_gpu_shader_half_float
[   0.192][d][vo/gpu-next/libplacebo]     VK_AMD_gpu_shader_int16
[   0.192][d][vo/gpu-next/libplacebo]     VK_AMD_memory_overallocation_behavior
[   0.192][d][vo/gpu-next/libplacebo]     VK_AMD_mixed_attachment_samples
[   0.192][d][vo/gpu-next/libplacebo]     VK_AMD_shader_ballot
[   0.192][d][vo/gpu-next/libplacebo]     VK_AMD_shader_core_properties
[   0.192][d][vo/gpu-next/libplacebo]     VK_AMD_shader_core_properties2
[   0.192][d][vo/gpu-next/libplacebo]     VK_AMD_shader_early_and_late_fragment_tests
[   0.192][d][vo/gpu-next/libplacebo]     VK_AMD_shader_explicit_vertex_parameter
[   0.192][d][vo/gpu-next/libplacebo]     VK_AMD_shader_image_load_store_lod
[   0.192][d][vo/gpu-next/libplacebo]     VK_AMD_shader_trinary_minmax
[   0.192][d][vo/gpu-next/libplacebo]     VK_GOOGLE_decorate_string
[   0.192][d][vo/gpu-next/libplacebo]     VK_GOOGLE_hlsl_functionality1
[   0.192][d][vo/gpu-next/libplacebo]     VK_GOOGLE_user_type
[   0.192][d][vo/gpu-next/libplacebo]     VK_INTEL_shader_integer_functions2
[   0.192][d][vo/gpu-next/libplacebo]     VK_MESA_image_alignment_control
[   0.192][d][vo/gpu-next/libplacebo]     VK_NV_compute_shader_derivatives
[   0.192][d][vo/gpu-next/libplacebo]     VK_VALVE_mutable_descriptor_type
[   0.192][d][vo/gpu-next/libplacebo]     VK_VALVE_shader_mixed_float_dot_product
[   0.192][d][vo/gpu-next/libplacebo]     VK_VALVE_video_encode_rgb_conversion
[   0.192][v][vo/gpu-next/libplacebo] Creating vulkan device with extensions:
[   0.192][v][vo/gpu-next/libplacebo]     VK_KHR_swapchain
[   0.192][v][vo/gpu-next/libplacebo]     VK_KHR_swapchain
[   0.192][v][vo/gpu-next/libplacebo]     VK_KHR_external_memory_fd
[   0.192][v][vo/gpu-next/libplacebo]     VK_EXT_external_memory_dma_buf
[   0.192][v][vo/gpu-next/libplacebo]     VK_EXT_external_memory_host
[   0.192][v][vo/gpu-next/libplacebo]     VK_KHR_external_semaphore_fd
[   0.192][v][vo/gpu-next/libplacebo]     VK_EXT_pci_bus_info
[   0.192][v][vo/gpu-next/libplacebo]     VK_EXT_hdr_metadata
[   0.192][v][vo/gpu-next/libplacebo]     VK_EXT_image_drm_format_modifier
[   0.192][v][vo/gpu-next/libplacebo]     VK_KHR_swapchain_maintenance1
[   0.192][v][vo/gpu-next/libplacebo]     VK_EXT_swapchain_maintenance1
[   0.192][v][vo/gpu-next/libplacebo]     VK_EXT_descriptor_buffer
[   0.192][v][vo/gpu-next/libplacebo]     VK_EXT_shader_atomic_float
[   0.192][v][vo/gpu-next/libplacebo]     VK_KHR_dynamic_rendering
[   0.192][v][vo/gpu-next/libplacebo]     VK_KHR_video_decode_queue
[   0.192][v][vo/gpu-next/libplacebo]     VK_KHR_video_decode_h264
[   0.192][v][vo/gpu-next/libplacebo]     VK_KHR_video_decode_h265
[   0.192][v][vo/gpu-next/libplacebo]     VK_KHR_video_queue
[   0.192][v][vo/gpu-next/libplacebo]     VK_KHR_zero_initialize_workgroup_memory
[   0.192][v][vo/gpu-next/libplacebo]     VK_EXT_shader_object
[   0.192][v][vo/gpu-next/libplacebo]     VK_KHR_cooperative_matrix
[   0.192][v][vo/gpu-next/libplacebo]     VK_KHR_video_maintenance1
[   0.193][v][vo/gpu-next/libplacebo]     VK_KHR_shader_expect_assume
[   0.193][v][vo/gpu-next/libplacebo]     VK_KHR_shader_subgroup_rotate
[   0.193][v][vo/gpu-next/libplacebo]     VK_KHR_video_decode_av1
[   0.193][v][vo/gpu-next/libplacebo]     VK_KHR_shader_relaxed_extended_instruction
[   0.193][v][vo/gpu-next/libplacebo]     VK_KHR_video_maintenance2
[   0.193][v][vo/gpu-next/libplacebo]     VK_KHR_video_decode_vp9
[   0.199][d][vo/gpu-next/libplacebo] Spent 6.560 ms creating vulkan device
[   0.199][d][vo/gpu-next/libplacebo] Restricting QF 1 from 4 queues to 1
[   0.199][v][vo/gpu-next/libplacebo] Memory heaps supported by device:
[   0.199][v][vo/gpu-next/libplacebo]     0: flags 0x1 size   15G
[   0.199][v][vo/gpu-next/libplacebo]     1: flags 0x0 size   15G
[   0.199][v][vo/gpu-next/libplacebo]     2: flags 0x1 size  256M
[   0.199][d][vo/gpu-next/libplacebo] Memory types supported by device:
[   0.199][d][vo/gpu-next/libplacebo]     0: flags 0x1 heap 0
[   0.199][d][vo/gpu-next/libplacebo]     1: flags 0x1 heap 0
[   0.199][d][vo/gpu-next/libplacebo]     2: flags 0x6 heap 1
[   0.199][d][vo/gpu-next/libplacebo]     3: flags 0x7 heap 2
[   0.199][d][vo/gpu-next/libplacebo]     4: flags 0x7 heap 2
[   0.199][d][vo/gpu-next/libplacebo]     5: flags 0xe heap 1
[   0.199][d][vo/gpu-next/libplacebo]     6: flags 0xe heap 1
[   0.199][d][vo/gpu-next/libplacebo]     7: flags 0xc1 heap 0
[   0.199][d][vo/gpu-next/libplacebo]     8: flags 0xc6 heap 1
[   0.199][d][vo/gpu-next/libplacebo]     9: flags 0xc7 heap 2
[   0.199][d][vo/gpu-next/libplacebo]     10: flags 0xce heap 1
[   0.199][v][vo/gpu-next/libplacebo] Memory summary:     0 used     0 res     0 alloc, efficiency 100.00%, utilization 100.00%, max page: 1008M
[   0.199][v][vo/gpu-next/libplacebo] shaderc SPIR-V version 1.6 rev 1
[   0.199][v][vo/gpu-next/libplacebo] Initialized SPIR-V compiler 'shaderc'
[   0.199][d][vo/gpu-next/libplacebo] Handle type VK_EXTERNAL_MEMORY_HANDLE_TYPE_HOST_ALLOCATION_BIT_EXT (0x10) is not exportable
[   0.199][d][vo/gpu-next/libplacebo] Handle type VK_EXTERNAL_MEMORY_HANDLE_TYPE_HOST_ALLOCATION_BIT_EXT (0x10) is not exportable
[   0.199][d][vo/gpu-next/libplacebo] DRM format modifier AMD 0x82305 of format r32f supports fewer caps (0x18001dd85) than optimal tiling (0x80000018001dd87), may result in limited capability!
[   0.199][d][vo/gpu-next/libplacebo] DRM format modifier AMD 0x42305 of format r32f supports fewer caps (0x18001dd85) than optimal tiling (0x80000018001dd87), may result in limited capability!
[   0.199][d][vo/gpu-next/libplacebo] DRM format modifier AMD 0x82405 of format r32f supports fewer caps (0x18001dd85) than optimal tiling (0x80000018001dd87), may result in limited capability!
[   0.199][d][vo/gpu-next/libplacebo] DRM format modifier AMD 0x82205 of format r32f supports fewer caps (0x18001dd85) than optimal tiling (0x80000018001dd87), may result in limited capability!
[   0.199][d][vo/gpu-next/libplacebo] DRM format modifier AMD 0x82105 of format r32f supports fewer caps (0x18001dd85) than optimal tiling (0x80000018001dd87), may result in limited capability!
[   0.199][d][vo/gpu-next/libplacebo] DRM format modifier LINEAR of format rgb32f supports fewer caps (0xd001) than optimal tiling (0x800000000000000), may result in limited capability!
[   0.199][d][vo/gpu-next/libplacebo] DRM format modifier AMD 0x82305 of format r32u supports fewer caps (0x18001cc85) than optimal tiling (0x80000018001cc87), may result in limited capability!
[   0.199][d][vo/gpu-next/libplacebo] DRM format modifier AMD 0x42305 of format r32u supports fewer caps (0x18001cc85) than optimal tiling (0x80000018001cc87), may result in limited capability!
[   0.199][d][vo/gpu-next/libplacebo] DRM format modifier AMD 0x82405 of format r32u supports fewer caps (0x18001cc85) than optimal tiling (0x80000018001cc87), may result in limited capability!
[   0.199][d][vo/gpu-next/libplacebo] DRM format modifier AMD 0x82205 of format r32u supports fewer caps (0x18001cc85) than optimal tiling (0x80000018001cc87), may result in limited capability!
[   0.199][d][vo/gpu-next/libplacebo] DRM format modifier AMD 0x82105 of format r32u supports fewer caps (0x18001cc85) than optimal tiling (0x80000018001cc87), may result in limited capability!
[   0.199][d][vo/gpu-next/libplacebo] DRM format modifier LINEAR of format rgb32u supports fewer caps (0xc001) than optimal tiling (0x800000000000000), may result in limited capability!
[   0.199][d][vo/gpu-next/libplacebo] DRM format modifier AMD 0x82305 of format r32i supports fewer caps (0x18001cc85) than optimal tiling (0x80000018001cc87), may result in limited capability!
[   0.199][d][vo/gpu-next/libplacebo] DRM format modifier AMD 0x42305 of format r32i supports fewer caps (0x18001cc85) than optimal tiling (0x80000018001cc87), may result in limited capability!
[   0.199][d][vo/gpu-next/libplacebo] DRM format modifier AMD 0x82405 of format r32i supports fewer caps (0x18001cc85) than optimal tiling (0x80000018001cc87), may result in limited capability!
[   0.199][d][vo/gpu-next/libplacebo] DRM format modifier AMD 0x82205 of format r32i supports fewer caps (0x18001cc85) than optimal tiling (0x80000018001cc87), may result in limited capability!
[   0.199][d][vo/gpu-next/libplacebo] DRM format modifier AMD 0x82105 of format r32i supports fewer caps (0x18001cc85) than optimal tiling (0x80000018001cc87), may result in limited capability!
[   0.199][d][vo/gpu-next/libplacebo] DRM format modifier LINEAR of format rgb32i supports fewer caps (0xc001) than optimal tiling (0x800000000000000), may result in limited capability!
[   0.199][d][vo/gpu-next/libplacebo] Minimum texel alignment: 48
[   0.200][v][vo/gpu-next/libplacebo] GPU information:
[   0.200][v][vo/gpu-next/libplacebo]     GLSL version: 450 (vulkan)
[   0.200][v][vo/gpu-next/libplacebo]       max_shmem_size:            65536
[   0.200][v][vo/gpu-next/libplacebo]       max_group_threads:         1024
[   0.200][v][vo/gpu-next/libplacebo]       max_group_size[0]:         1024
[   0.200][v][vo/gpu-next/libplacebo]       max_group_size[1]:         1024
[   0.200][v][vo/gpu-next/libplacebo]       max_group_size[2]:         1024
[   0.200][v][vo/gpu-next/libplacebo]       subgroup_size:             64
[   0.200][v][vo/gpu-next/libplacebo]       min_gather_offset:         -32
[   0.200][v][vo/gpu-next/libplacebo]       max_gather_offset:         31
[   0.200][v][vo/gpu-next/libplacebo]     Limits:
[   0.200][v][vo/gpu-next/libplacebo]       thread_safe:               1
[   0.200][v][vo/gpu-next/libplacebo]       callbacks:                 1
[   0.200][v][vo/gpu-next/libplacebo]       max_buf_size:              16911433728
[   0.200][v][vo/gpu-next/libplacebo]       max_ubo_size:              4294967295
[   0.200][v][vo/gpu-next/libplacebo]       max_ssbo_size:             4294967295
[   0.200][v][vo/gpu-next/libplacebo]       max_vbo_size:              16911433728
[   0.200][v][vo/gpu-next/libplacebo]       max_mapped_size:           16563232768
[   0.200][v][vo/gpu-next/libplacebo]       max_buffer_texels:         536870912
[   0.200][v][vo/gpu-next/libplacebo]       align_host_ptr:            4096
[   0.200][v][vo/gpu-next/libplacebo]       host_cached:               1
[   0.200][v][vo/gpu-next/libplacebo]       max_tex_1d_dim:            32768
[   0.200][v][vo/gpu-next/libplacebo]       max_tex_2d_dim:            32768
[   0.200][v][vo/gpu-next/libplacebo]       max_tex_3d_dim:            16384
[   0.200][v][vo/gpu-next/libplacebo]       blittable_1d_3d:           1
[   0.200][v][vo/gpu-next/libplacebo]       buf_transfer:              1
[   0.200][v][vo/gpu-next/libplacebo]       align_tex_xfer_pitch:      1
[   0.200][v][vo/gpu-next/libplacebo]       align_tex_xfer_offset:     4
[   0.200][v][vo/gpu-next/libplacebo]       max_variable_comps:        0
[   0.200][v][vo/gpu-next/libplacebo]       max_constants:             18446744073709551615
[   0.200][v][vo/gpu-next/libplacebo]       max_pushc_size:            256
[   0.200][v][vo/gpu-next/libplacebo]       align_vertex_stride:       1
[   0.200][v][vo/gpu-next/libplacebo]       max_dispatch[0]:           4294967295
[   0.200][v][vo/gpu-next/libplacebo]       max_dispatch[1]:           65535
[   0.200][v][vo/gpu-next/libplacebo]       max_dispatch[2]:           65535
[   0.200][v][vo/gpu-next/libplacebo]       fragment_queues:           1
[   0.200][v][vo/gpu-next/libplacebo]       compute_queues:            1
[   0.200][v][vo/gpu-next/libplacebo]     External API interop:
[   0.200][v][vo/gpu-next/libplacebo]       UUID: 00:00:00:00:2F:00:00:00:00:00:00:00:00:00:00:00
[   0.200][v][vo/gpu-next/libplacebo]       PCI: 0000:2f:00:0
[   0.200][v][vo/gpu-next/libplacebo]       buf export caps: 0x9
[   0.200][v][vo/gpu-next/libplacebo]       buf import caps: 0x19
[   0.200][v][vo/gpu-next/libplacebo]       tex export caps: 0x9
[   0.200][v][vo/gpu-next/libplacebo]       tex import caps: 0x19
[   0.200][v][vo/gpu-next/libplacebo]       sync export caps: 0x1
[   0.200][v][vo/gpu-next/libplacebo]       sync import caps: 0x0
[   0.200][d][vo/gpu-next/libplacebo] GPU texture formats:
[   0.200][d][vo/gpu-next/libplacebo]     NAME                 TYPE   SIZE COMP CAPS         EMU DEPTH         HOST_BITS     GLSL_TYPE  GLSL_FMT   FOURCC
[   0.200][d][vo/gpu-next/libplacebo]     a1rgb5               UNORM  2    ARGB SsLRbB---HWG n   {1  5  5  5 } {1  5  5  5 }                       BA15  
[   0.200][d][vo/gpu-next/libplacebo]     a1bgr5               UNORM  2    ABGR SsLRbB---HWG n   {1  5  5  5 } {1  5  5  5 }                       RA15  
[   0.200][d][vo/gpu-next/libplacebo]     argb4                UNORM  2    ARGB SsLRbB---HWG n   {4  4  4  4 } {4  4  4  4 }                       BA12  
[   0.200][d][vo/gpu-next/libplacebo]     abgr4                UNORM  2    ABGR SsLRbB---HWG n   {4  4  4  4 } {4  4  4  4 }                       RA12  
[   0.200][d][vo/gpu-next/libplacebo]     rgb565               UNORM  2    RGB  SsLRbB---HWG n   {5  6  5  0 } {5  6  5  0 }                       BG16  
[   0.200][d][vo/gpu-next/libplacebo]     bgr5a1               UNORM  2    BGRA SsLRbB---HWG n   {5  5  5  1 } {5  5  5  1 }                       AR15  
[   0.200][d][vo/gpu-next/libplacebo]     bgr565               UNORM  2    BGR  SsLRbB---HWG n   {5  6  5  0 } {5  6  5  0 }                       RG16  
[   0.200][d][vo/gpu-next/libplacebo]     r8                   UNORM  1    R    SsLRbBVutHWG n   {8  0  0  0 } {8  0  0  0 } float      r8         R8    
[   0.200][d][vo/gpu-next/libplacebo]     r8s                  SNORM  1    R    SsLRbBVutHWG n   {8  0  0  0 } {8  0  0  0 } float      r8_snorm         
[   0.200][d][vo/gpu-next/libplacebo]     rg8                  UNORM  2    RG   SsLRbBVutHWG n   {8  8  0  0 } {8  8  0  0 } vec2       rg8        GR88  
[   0.200][d][vo/gpu-next/libplacebo]     rg8s                 SNORM  2    RG   SsLRbBVutHWG n   {8  8  0  0 } {8  8  0  0 } vec2       rg8_snorm        
[   0.200][d][vo/gpu-next/libplacebo]     rgba8                UNORM  4    RGBA SsLRbBVutHWG n   {8  8  8  8 } {8  8  8  8 } vec4       rgba8      AB24  
[   0.200][d][vo/gpu-next/libplacebo]     rgba8s               SNORM  4    RGBA SsLRbBVutHWG n   {8  8  8  8 } {8  8  8  8 } vec4       rgba8_snorm       
[   0.200][d][vo/gpu-next/libplacebo]     bgra8                UNORM  4    BGRA SsLRbBVutHWG n   {8  8  8  8 } {8  8  8  8 } vec4                  AR24  
[   0.200][d][vo/gpu-next/libplacebo]     rgb10a2              UNORM  4    RGBA SsLRbBVutHWG n   {10 10 10 2 } {10 10 10 2 } vec4       rgb10_a2   AB30  
[   0.200][d][vo/gpu-next/libplacebo]     bgr10a2              UNORM  4    BGRA SsLRbBVutHWG n   {10 10 10 2 } {10 10 10 2 } vec4                  AR30  
[   0.200][d][vo/gpu-next/libplacebo]     rx10                 UNORM  2    R    SsLRbBVutHWG n   {10 0  0  0 } {16 0  0  0 } float                       
[   0.200][d][vo/gpu-next/libplacebo]     rxgx10               UNORM  4    RG   SsLRbBVutHWG n   {10 10 0  0 } {16 16 0  0 } vec2                        
[   0.200][d][vo/gpu-next/libplacebo]     rx12                 UNORM  2    R    SsLRbBVutHWG n   {12 0  0  0 } {16 0  0  0 } float                       
[   0.200][d][vo/gpu-next/libplacebo]     rxgx12               UNORM  4    RG   SsLRbBVutHWG n   {12 12 0  0 } {16 16 0  0 } vec2                        
[   0.200][d][vo/gpu-next/libplacebo]     r16                  UNORM  2    R    SsLRbBVutHWG n   {16 0  0  0 } {16 0  0  0 } float      r16        R16   
[   0.200][d][vo/gpu-next/libplacebo]     r16hf                FLOAT  2    R    SsLRbBVutHWG n   {16 0  0  0 } {16 0  0  0 } float      r16f             
[   0.200][d][vo/gpu-next/libplacebo]     r16s                 SNORM  2    R    SsLRbBVutHWG n   {16 0  0  0 } {16 0  0  0 } float      r16_snorm        
[   0.200][d][vo/gpu-next/libplacebo]     rg16                 UNORM  4    RG   SsLRbBVutHWG n   {16 16 0  0 } {16 16 0  0 } vec2       rg16       GR32  
[   0.200][d][vo/gpu-next/libplacebo]     rg16hf               FLOAT  4    RG   SsLRbBVutHWG n   {16 16 0  0 } {16 16 0  0 } vec2       rg16f            
[   0.200][d][vo/gpu-next/libplacebo]     rg16s                SNORM  4    RG   SsLRbBVutHWG n   {16 16 0  0 } {16 16 0  0 } vec2       rg16_snorm       
[   0.200][d][vo/gpu-next/libplacebo]     rgba16               UNORM  8    RGBA SsLRbBVutHWG n   {16 16 16 16} {16 16 16 16} vec4       rgba16     AB48  
[   0.200][d][vo/gpu-next/libplacebo]     rgba16hf             FLOAT  8    RGBA SsLRbBVutHWG n   {16 16 16 16} {16 16 16 16} vec4       rgba16f    AB4H  
[   0.200][d][vo/gpu-next/libplacebo]     rgba16s              SNORM  8    RGBA SsLRbBVutHWG n   {16 16 16 16} {16 16 16 16} vec4       rgba16_snorm       
[   0.200][d][vo/gpu-next/libplacebo]     r32f                 FLOAT  4    R    SsLRbBVutHWG n   {32 0  0  0 } {32 0  0  0 } float      r32f             
[   0.200][d][vo/gpu-next/libplacebo]     rg32f                FLOAT  8    RG   SsLRbBVutHWG n   {32 32 0  0 } {32 32 0  0 } vec2       rg32f            
[   0.200][d][vo/gpu-next/libplacebo]     rgba32f              FLOAT  16   RGBA SsLRbBVutHWG n   {32 32 32 32} {32 32 32 32} vec4       rgba32f          
[   0.200][d][vo/gpu-next/libplacebo]     r8i                  SINT   1    R    Ss-R-BVutHWG n   {8  0  0  0 } {8  0  0  0 } int        r8i              
[   0.200][d][vo/gpu-next/libplacebo]     r8u                  UINT   1    R    Ss-R-BVutHWG n   {8  0  0  0 } {8  0  0  0 } uint       r8ui             
[   0.200][d][vo/gpu-next/libplacebo]     rg8i                 SINT   2    RG   Ss-R-BVutHWG n   {8  8  0  0 } {8  8  0  0 } ivec2      rg8i             
[   0.200][d][vo/gpu-next/libplacebo]     rg8u                 UINT   2    RG   Ss-R-BVutHWG n   {8  8  0  0 } {8  8  0  0 } uvec2      rg8ui            
[   0.200][d][vo/gpu-next/libplacebo]     rgba8i               SINT   4    RGBA Ss-R-BVutHWG n   {8  8  8  8 } {8  8  8  8 } ivec4      rgba8i           
[   0.200][d][vo/gpu-next/libplacebo]     rgba8u               UINT   4    RGBA Ss-R-BVutHWG n   {8  8  8  8 } {8  8  8  8 } uvec4      rgba8ui          
[   0.200][d][vo/gpu-next/libplacebo]     bgra8i               SINT   4    BGRA Ss-R-BVutHWG n   {8  8  8  8 } {8  8  8  8 } ivec4                       
[   0.200][d][vo/gpu-next/libplacebo]     bgra8u               UINT   4    BGRA Ss-R-BVutHWG n   {8  8  8  8 } {8  8  8  8 } uvec4                       
[   0.200][d][vo/gpu-next/libplacebo]     rgb10a2u             UINT   4    RGBA Ss-R-BVutHWG n   {10 10 10 2 } {10 10 10 2 } uvec4      rgb10_a2ui       
[   0.200][d][vo/gpu-next/libplacebo]     bgr10a2u             UINT   4    BGRA Ss-R-BVutHWG n   {10 10 10 2 } {10 10 10 2 } uvec4                       
[   0.200][d][vo/gpu-next/libplacebo]     r16i                 SINT   2    R    Ss-R-BVutHWG n   {16 0  0  0 } {16 0  0  0 } int        r16i             
[   0.200][d][vo/gpu-next/libplacebo]     r16u                 UINT   2    R    Ss-R-BVutHWG n   {16 0  0  0 } {16 0  0  0 } uint       r16ui            
[   0.200][d][vo/gpu-next/libplacebo]     rg16i                SINT   4    RG   Ss-R-BVutHWG n   {16 16 0  0 } {16 16 0  0 } ivec2      rg16i            
[   0.200][d][vo/gpu-next/libplacebo]     rg16u                UINT   4    RG   Ss-R-BVutHWG n   {16 16 0  0 } {16 16 0  0 } uvec2      rg16ui           
[   0.200][d][vo/gpu-next/libplacebo]     rgba16i              SINT   8    RGBA Ss-R-BVutHWG n   {16 16 16 16} {16 16 16 16} ivec4      rgba16i          
[   0.200][d][vo/gpu-next/libplacebo]     rgba16u              UINT   8    RGBA Ss-R-BVutHWG n   {16 16 16 16} {16 16 16 16} uvec4      rgba16ui         
[   0.200][d][vo/gpu-next/libplacebo]     r32i                 SINT   4    R    Ss-R-BVutHWG n   {32 0  0  0 } {32 0  0  0 } int        r32i             
[   0.200][d][vo/gpu-next/libplacebo]     r32u                 UINT   4    R    Ss-R-BVutHWG n   {32 0  0  0 } {32 0  0  0 } uint       r32ui            
[   0.200][d][vo/gpu-next/libplacebo]     rg32i                SINT   8    RG   Ss-R-BVutHWG n   {32 32 0  0 } {32 32 0  0 } ivec2      rg32i            
[   0.200][d][vo/gpu-next/libplacebo]     rg32u                UINT   8    RG   Ss-R-BVutHWG n   {32 32 0  0 } {32 32 0  0 } uvec2      rg32ui           
[   0.200][d][vo/gpu-next/libplacebo]     rgba32i              SINT   16   RGBA Ss-R-BVutHWG n   {32 32 32 32} {32 32 32 32} ivec4      rgba32i          
[   0.200][d][vo/gpu-next/libplacebo]     rgba32u              UINT   16   RGBA Ss-R-BVutHWG n   {32 32 32 32} {32 32 32 32} uvec4      rgba32ui         
[   0.200][d][vo/gpu-next/libplacebo]     gr4                  UNORM  1    GR   ---------H-- n   {4  4  0  0 } {4  4  0  0 }                             
[   0.200][d][vo/gpu-next/libplacebo]     rgb8i                SINT   3    RGB  ------V--H-- n   {8  8  8  0 } {8  8  8  0 } ivec3                       
[   0.200][d][vo/gpu-next/libplacebo]     rgb8s                SNORM  3    RGB  ------V--H-- n   {8  8  8  0 } {8  8  8  0 } vec3                        
[   0.200][d][vo/gpu-next/libplacebo]     rgb8u                UINT   3    RGB  ------V--H-- n   {8  8  8  0 } {8  8  8  0 } uvec3                       
[   0.200][d][vo/gpu-next/libplacebo]     bgr8                 UNORM  3    BGR  ------V--H-- n   {8  8  8  0 } {8  8  8  0 } vec3                  RG24  
[   0.200][d][vo/gpu-next/libplacebo]     bgr8i                SINT   3    BGR  ------V--H-- n   {8  8  8  0 } {8  8  8  0 } ivec3                       
[   0.200][d][vo/gpu-next/libplacebo]     bgr8u                UINT   3    BGR  ------V--H-- n   {8  8  8  0 } {8  8  8  0 } uvec3                       
[   0.200][d][vo/gpu-next/libplacebo]     rgb10a2i             SINT   4    RGBA ------V--H-- n   {10 10 10 2 } {10 10 10 2 } ivec4                       
[   0.200][d][vo/gpu-next/libplacebo]     rgb10a2s             SNORM  4    RGBA ------V--H-- n   {10 10 10 2 } {10 10 10 2 } vec4                        
[   0.200][d][vo/gpu-next/libplacebo]     bgr10a2i             SINT   4    BGRA ------V--H-- n   {10 10 10 2 } {10 10 10 2 } ivec4                       
[   0.200][d][vo/gpu-next/libplacebo]     bgr10a2s             SNORM  4    BGRA ------V--H-- n   {10 10 10 2 } {10 10 10 2 } vec4                        
[   0.200][d][vo/gpu-next/libplacebo]     rgb16hf              FLOAT  6    RGB  ------V--H-- n   {16 16 16 0 } {16 16 16 0 } vec3                        
[   0.200][d][vo/gpu-next/libplacebo]     rgb16i               SINT   6    RGB  ------V--H-- n   {16 16 16 0 } {16 16 16 0 } ivec3                       
[   0.200][d][vo/gpu-next/libplacebo]     rgb16s               SNORM  6    RGB  ------V--H-- n   {16 16 16 0 } {16 16 16 0 } vec3                        
[   0.200][d][vo/gpu-next/libplacebo]     rgb16u               UINT   6    RGB  ------V--H-- n   {16 16 16 0 } {16 16 16 0 } uvec3                       
[   0.200][d][vo/gpu-next/libplacebo]     rgb32f               FLOAT  12   RGB  ------VutHW- n   {32 32 32 0 } {32 32 32 0 } vec3                        
[   0.200][d][vo/gpu-next/libplacebo]     rgb32i               SINT   12   RGB  ------VutHW- n   {32 32 32 0 } {32 32 32 0 } ivec3                       
[   0.200][d][vo/gpu-next/libplacebo]     rgb32u               UINT   12   RGB  ------VutHW- n   {32 32 32 0 } {32 32 32 0 } uvec3                       
[   0.200][d][vo/gpu-next/libplacebo]     rgb8                 UNORM  3    RGB  SsLRbBV--HWG y   {8  8  8  0 } {8  8  8  0 } vec3       rgba8      BG24  
[   0.200][d][vo/gpu-next/libplacebo]     rgb16                UNORM  6    RGB  SsLRbBV--HWG y   {16 16 16 0 } {16 16 16 0 } vec3       rgba16           
[   0.200][d][vo/gpu-next/libplacebo]     r16f                 FLOAT  4    R    SsLRbB---HWG y   {16 0  0  0 } {32 0  0  0 }            r16f             
[   0.200][d][vo/gpu-next/libplacebo]     rg16f                FLOAT  8    RG   SsLRbB---HWG y   {16 16 0  0 } {32 32 0  0 }            rg16f            
[   0.200][d][vo/gpu-next/libplacebo]     rgba16f              FLOAT  16   RGBA SsLRbB---HWG y   {16 16 16 16} {32 32 32 32}            rgba16f          
[   0.200][d][vo/gpu-next/libplacebo]     rgb16f               FLOAT  12   RGB  ---------H-- y   {16 16 16 0 } {32 32 32 0 }                             
[   0.200][d][vo/gpu-next/libplacebo]     g8_b8_r8_420         UNORM  0         ------------ n   {8  8  8  0 } {0  0  0  0 }                       YU12  
[   0.200][d][vo/gpu-next/libplacebo]     g8_b8_r8_422         UNORM  0         ------------ n   {8  8  8  0 } {0  0  0  0 }                       YU16  
[   0.200][d][vo/gpu-next/libplacebo]     g8_b8_r8_444         UNORM  0         ------------ n   {8  8  8  0 } {0  0  0  0 }                       YU24  
[   0.200][d][vo/gpu-next/libplacebo]     g8_br8_420           UNORM  0         ------------ n   {8  8  8  0 } {0  0  0  0 }                       NV12  
[   0.200][d][vo/gpu-next/libplacebo]     g8_br8_422           UNORM  0         ------------ n   {8  8  8  0 } {0  0  0  0 }                       NV16  
[   0.200][d][vo/gpu-next/libplacebo]     g8_br8_444           UNORM  0         ------------ n   {8  8  8  0 } {0  0  0  0 }                       NV24  
[   0.200][d][vo/gpu-next/libplacebo]     gx10_bx10_rx10_420   UNORM  0         ------------ n   {10 10 10 0 } {0  0  0  0 }                             
[   0.200][d][vo/gpu-next/libplacebo]     gx10_bx10_rx10_422   UNORM  0         ------------ n   {10 10 10 0 } {0  0  0  0 }                             
[   0.200][d][vo/gpu-next/libplacebo]     gx10_bx10_rx10_444   UNORM  0         ------------ n   {10 10 10 0 } {0  0  0  0 }                       Q410  
[   0.200][d][vo/gpu-next/libplacebo]     gx10_bxrx10_420      UNORM  0         ------------ n   {10 10 10 0 } {0  0  0  0 }                       P010  
[   0.200][d][vo/gpu-next/libplacebo]     gx10_bxrx10_422      UNORM  0         ------------ n   {10 10 10 0 } {0  0  0  0 }                       P210  
[   0.200][d][vo/gpu-next/libplacebo]     gx10_bxrx10_444      UNORM  0         ------------ n   {10 10 10 0 } {0  0  0  0 }                             
[   0.200][d][vo/gpu-next/libplacebo]     gx12_bx12_rx12_420   UNORM  0         ------------ n   {12 12 12 0 } {0  0  0  0 }                             
[   0.200][d][vo/gpu-next/libplacebo]     gx12_bx12_rx12_422   UNORM  0         ------------ n   {12 12 12 0 } {0  0  0  0 }                             
[   0.200][d][vo/gpu-next/libplacebo]     gx12_bx12_rx12_444   UNORM  0         ------------ n   {12 12 12 0 } {0  0  0  0 }                             
[   0.200][d][vo/gpu-next/libplacebo]     gx12_bxrx12_420      UNORM  0         ------------ n   {12 12 12 0 } {0  0  0  0 }                       P012  
[   0.200][d][vo/gpu-next/libplacebo]     gx12_bxrx12_422      UNORM  0         ------------ n   {12 12 12 0 } {0  0  0  0 }                             
[   0.200][d][vo/gpu-next/libplacebo]     gx12_bxrx12_444      UNORM  0         ------------ n   {12 12 12 0 } {0  0  0  0 }                             
[   0.200][d][vo/gpu-next/libplacebo]     g16_b16_r16_420      UNORM  0         ------------ n   {16 16 16 0 } {0  0  0  0 }                             
[   0.200][d][vo/gpu-next/libplacebo]     g16_b16_r16_422      UNORM  0         ------------ n   {16 16 16 0 } {0  0  0  0 }                             
[   0.200][d][vo/gpu-next/libplacebo]     g16_b16_r16_444      UNORM  0         ------------ n   {16 16 16 0 } {0  0  0  0 }                             
[   0.200][d][vo/gpu-next/libplacebo]     g16_br16_420         UNORM  0         ------------ n   {16 16 16 0 } {0  0  0  0 }                       P016  
[   0.200][d][vo/gpu-next/libplacebo]     g16_br16_422         UNORM  0         ------------ n   {16 16 16 0 } {0  0  0  0 }                             
[   0.200][d][vo/gpu-next/libplacebo]     g16_br16_444         UNORM  0         ------------ n   {16 16 16 0 } {0  0  0  0 }                             
[   0.202][v][vo/gpu-next/libplacebo] Available surface configurations:
[   0.202][v][vo/gpu-next/libplacebo]     0: VK_FORMAT_R16G16B16A16_SFLOAT            VK_COLOR_SPACE_SRGB_NONLINEAR_KHR
[   0.202][v][vo/gpu-next/libplacebo]     1: VK_FORMAT_A2R10G10B10_UNORM_PACK32       VK_COLOR_SPACE_SRGB_NONLINEAR_KHR
[   0.202][v][vo/gpu-next/libplacebo]     2: VK_FORMAT_A2B10G10R10_UNORM_PACK32       VK_COLOR_SPACE_SRGB_NONLINEAR_KHR
[   0.202][v][vo/gpu-next/libplacebo]     3: VK_FORMAT_B8G8R8A8_SRGB                  VK_COLOR_SPACE_SRGB_NONLINEAR_KHR
[   0.202][v][vo/gpu-next/libplacebo]     4: VK_FORMAT_B8G8R8A8_UNORM                 VK_COLOR_SPACE_SRGB_NONLINEAR_KHR
[   0.202][v][vo/gpu-next/libplacebo]     5: VK_FORMAT_R8G8B8A8_SRGB                  VK_COLOR_SPACE_SRGB_NONLINEAR_KHR
[   0.202][v][vo/gpu-next/libplacebo]     6: VK_FORMAT_R8G8B8A8_UNORM                 VK_COLOR_SPACE_SRGB_NONLINEAR_KHR
[   0.202][v][vo/gpu-next/libplacebo]     7: VK_FORMAT_R5G6B5_UNORM_PACK16            VK_COLOR_SPACE_SRGB_NONLINEAR_KHR
[   0.202][v][vo/gpu-next/libplacebo]     8: VK_FORMAT_R16G16B16A16_SFLOAT            VK_COLOR_SPACE_PASS_THROUGH_EXT
[   0.202][v][vo/gpu-next/libplacebo]     9: VK_FORMAT_A2R10G10B10_UNORM_PACK32       VK_COLOR_SPACE_PASS_THROUGH_EXT
[   0.202][v][vo/gpu-next/libplacebo]     10: VK_FORMAT_A2B10G10R10_UNORM_PACK32       VK_COLOR_SPACE_PASS_THROUGH_EXT
[   0.202][v][vo/gpu-next/libplacebo]     11: VK_FORMAT_B8G8R8A8_SRGB                  VK_COLOR_SPACE_PASS_THROUGH_EXT
[   0.202][v][vo/gpu-next/libplacebo]     12: VK_FORMAT_B8G8R8A8_UNORM                 VK_COLOR_SPACE_PASS_THROUGH_EXT
[   0.202][v][vo/gpu-next/libplacebo]     13: VK_FORMAT_R8G8B8A8_SRGB                  VK_COLOR_SPACE_PASS_THROUGH_EXT
[   0.202][v][vo/gpu-next/libplacebo]     14: VK_FORMAT_R8G8B8A8_UNORM                 VK_COLOR_SPACE_PASS_THROUGH_EXT
[   0.202][v][vo/gpu-next/libplacebo]     15: VK_FORMAT_R5G6B5_UNORM_PACK16            VK_COLOR_SPACE_PASS_THROUGH_EXT
[   0.202][v][vo/gpu-next/libplacebo] Picked surface configuration 2: VK_FORMAT_A2B10G10R10_UNORM_PACK32 + VK_COLOR_SPACE_SRGB_NONLINEAR_KHR
[   0.202][d][global] cache path: '' -> '-'
[   0.202][d][global] cache path: '' -> '-'
[   0.202][d][vo/gpu-next] Render options updated, resetting render state.
[   0.203][v][vo/gpu-next] Assuming 169.997000 FPS for display sync.
[   0.203][v][vd] Container reported FPS: 30.000000
[   0.204][v][vd] Codec list:
[   0.204][v][vd]     h264 - H.264 / AVC / MPEG-4 AVC / MPEG-4 part 10
[   0.204][v][vd]     h264_v4l2m2m (h264) - V4L2 mem2mem H.264 decoder wrapper
[   0.204][v][vd]     h264_amf (h264) - H264 AMD AMF video decoder
[   0.204][v][vd]     h264_cuvid (h264) - Nvidia CUVID H264 decoder
[   0.204][v][vd] Opening decoder h264
[   0.204][v][vd] No hardware decoding requested.
[   0.204][v][vd] Using software decoding.
[   0.204][v][vd] Detected 8 logical cores.
[   0.204][v][vd] Requesting 9 threads for decoding.
[   0.206][v][vd] Selected decoder: h264 - H.264 / AVC / MPEG-4 AVC / MPEG-4 part 10
[   0.206][v][vf] User filter list:
[   0.206][v][vf]   (empty)
[   0.206][v][cplayer] Starting playback...
[   0.206][v][file] stream level seek from 150983 to 48
[   0.206][d][osc] osc_init
[   0.207][d][osd/libass] ASS library version: 0x1704000 (runtime 0x1704000)
[   0.207][v][osd/libass] libass API version: 0x1704000
[   0.207][v][osd/libass] libass source: tarball: 0.17.4
[   0.207][v][osd/libass] Shaper: FriBidi 1.0.16 (SIMPLE) HarfBuzz-ng 13.2.1 (COMPLEX)
[   0.207][v][osd/libass] Setting up fonts...
[   0.216][v][osd/libass] Using font provider fontconfig
[   0.216][v][osd/libass] Done.
[   0.217][d][ffmpeg/video] h264: Reinit context to 1280x720, pix_fmt: yuv420p
[   0.217][d][vd] DR parameter change to 1280x738 yuv420p align=64
[   0.217][d][vd] Allocating new (host-cached) DR image...
[   0.217][d][vo/gpu-next/libplacebo] Allocating 1478784 memory of type 0xe (id 5) in heap 1: unknown
[   0.218][d][vo/gpu-next/libplacebo] Memory types supported by device:
[   0.218][d][vo/gpu-next/libplacebo]     0: flags 0x1 heap 0
[   0.218][d][vo/gpu-next/libplacebo]     1: flags 0x1 heap 0
[   0.218][d][vo/gpu-next/libplacebo]     2: flags 0x6 heap 1
[   0.218][d][vo/gpu-next/libplacebo]     3: flags 0x7 heap 2
[   0.218][d][vo/gpu-next/libplacebo]     4: flags 0x7 heap 2
[   0.218][d][vo/gpu-next/libplacebo]     5: flags 0xe heap 1
[   0.218][d][vo/gpu-next/libplacebo]     6: flags 0xe heap 1
[   0.218][d][vo/gpu-next/libplacebo]     7: flags 0xc1 heap 0
[   0.218][d][vo/gpu-next/libplacebo]     8: flags 0xc6 heap 1
[   0.218][d][vo/gpu-next/libplacebo]     9: flags 0xc7 heap 2
[   0.218][d][vo/gpu-next/libplacebo]     10: flags 0xce heap 1
[   0.218][d][vo/gpu-next/libplacebo] Spent 0.334 ms allocating slab
[   0.219][d][vd] Allocating new (host-cached) DR image...
[   0.219][d][vo/gpu-next/libplacebo] Allocating 2957568 memory of type 0xe (id 5) in heap 1: unknown
[   0.219][d][vo/gpu-next/libplacebo] Memory types supported by device:
[   0.219][d][vo/gpu-next/libplacebo]     0: flags 0x1 heap 0
[   0.219][d][vo/gpu-next/libplacebo]     1: flags 0x1 heap 0
[   0.219][d][vo/gpu-next/libplacebo]     2: flags 0x6 heap 1
[   0.219][d][vo/gpu-next/libplacebo]     3: flags 0x7 heap 2
[   0.219][d][vo/gpu-next/libplacebo]     4: flags 0x7 heap 2
[   0.219][d][vo/gpu-next/libplacebo]     5: flags 0xe heap 1
[   0.219][d][vo/gpu-next/libplacebo]     6: flags 0xe heap 1
[   0.219][d][vo/gpu-next/libplacebo]     7: flags 0xc1 heap 0
[   0.219][d][vo/gpu-next/libplacebo]     8: flags 0xc6 heap 1
[   0.219][d][vo/gpu-next/libplacebo]     9: flags 0xc7 heap 2
[   0.219][d][vo/gpu-next/libplacebo]     10: flags 0xce heap 1
[   0.219][d][vo/gpu-next/libplacebo] Spent 0.501 ms allocating slab
[   0.220][d][vd] Allocating new (host-cached) DR image...
[   0.221][d][vd] Allocating new (host-cached) DR image...
[   0.221][d][vo/gpu-next/libplacebo] Allocating 5915136 memory of type 0xe (id 5) in heap 1: unknown
[   0.222][d][vo/gpu-next/libplacebo] Memory types supported by device:
[   0.222][d][vo/gpu-next/libplacebo]     0: flags 0x1 heap 0
[   0.222][d][vo/gpu-next/libplacebo]     1: flags 0x1 heap 0
[   0.222][d][vo/gpu-next/libplacebo]     2: flags 0x6 heap 1
[   0.222][d][vo/gpu-next/libplacebo]     3: flags 0x7 heap 2
[   0.222][d][vo/gpu-next/libplacebo]     4: flags 0x7 heap 2
[   0.222][d][vo/gpu-next/libplacebo]     5: flags 0xe heap 1
[   0.222][d][vo/gpu-next/libplacebo]     6: flags 0xe heap 1
[   0.222][d][vo/gpu-next/libplacebo]     7: flags 0xc1 heap 0
[   0.222][d][vo/gpu-next/libplacebo]     8: flags 0xc6 heap 1
[   0.222][d][vo/gpu-next/libplacebo]     9: flags 0xc7 heap 2
[   0.222][d][vo/gpu-next/libplacebo]     10: flags 0xce heap 1
[   0.222][d][vo/gpu-next/libplacebo] Spent 0.946 ms allocating slab
[   0.223][d][vd] Allocating new (host-cached) DR image...
[   0.224][d][vd] Allocating new (host-cached) DR image...
[   0.225][d][vd] Allocating new (host-cached) DR image...
[   0.227][d][vd] Allocating new (host-cached) DR image...
[   0.227][d][vo/gpu-next/libplacebo] Allocating 11830272 memory of type 0xe (id 5) in heap 1: unknown
[   0.228][d][vo/gpu-next/libplacebo] Memory types supported by device:
[   0.228][d][vo/gpu-next/libplacebo]     0: flags 0x1 heap 0
[   0.228][d][vo/gpu-next/libplacebo]     1: flags 0x1 heap 0
[   0.228][d][vo/gpu-next/libplacebo]     2: flags 0x6 heap 1
[   0.228][d][vo/gpu-next/libplacebo]     3: flags 0x7 heap 2
[   0.228][d][vo/gpu-next/libplacebo]     4: flags 0x7 heap 2
[   0.228][d][vo/gpu-next/libplacebo]     5: flags 0xe heap 1
[   0.229][d][vo/gpu-next/libplacebo]     6: flags 0xe heap 1
[   0.229][d][vo/gpu-next/libplacebo]     7: flags 0xc1 heap 0
[   0.229][d][vo/gpu-next/libplacebo]     8: flags 0xc6 heap 1
[   0.229][d][vo/gpu-next/libplacebo]     9: flags 0xc7 heap 2
[   0.229][d][vo/gpu-next/libplacebo]     10: flags 0xce heap 1
[   0.229][d][vo/gpu-next/libplacebo] Spent 1.388 ms allocating slab
[   0.230][d][vd] Allocating new (host-cached) DR image...
[   0.230][d][vd] Allocating new (host-cached) DR image...
[   0.231][v][vd] Using software decoding.
[   0.231][v][vd] Decoder format: 1280x720 yuv420p auto/auto/auto/auto/auto CL=mpeg2/4/h264 crop=1280x720+0+0 A=none
[   0.231][v][vd] Using container aspect ratio.
[   0.231][d][vd] Allocating new (host-cached) DR image...
[   0.231][v][vf] [in] 1280x720 yuv420p bt.709/bt.709/bt.1886/limited/display CL=mpeg2/4/h264 crop=1280x720+0+0 A=none
[   0.231][v][vf] [userdeint] 1280x720 yuv420p bt.709/bt.709/bt.1886/limited/display CL=mpeg2/4/h264 crop=1280x720+0+0 A=none
[   0.231][v][vf] [userdeint] (disabled)
[   0.231][v][vf] [autovflip] 1280x720 yuv420p bt.709/bt.709/bt.1886/limited/display CL=mpeg2/4/h264 crop=1280x720+0+0 A=none
[   0.231][v][vf] [autovflip] (disabled)
[   0.231][v][vf] [autorotate] 1280x720 yuv420p bt.709/bt.709/bt.1886/limited/display CL=mpeg2/4/h264 crop=1280x720+0+0 A=none
[   0.231][v][vf] [autorotate] (disabled)
[   0.231][v][vf] [convert] 1280x720 yuv420p bt.709/bt.709/bt.1886/limited/display CL=mpeg2/4/h264 crop=1280x720+0+0 A=none
[   0.231][v][vf] [convert] (disabled)
[   0.231][v][vf] [out] 1280x720 yuv420p bt.709/bt.709/bt.1886/limited/display CL=mpeg2/4/h264 crop=1280x720+0+0 A=none
[   0.233][i][cplayer] VO: [gpu-next] 1280x720 yuv420p
[   0.233][v][cplayer] VO: Description: Video output based on libplacebo
[   0.233][d][vd] Allocating new (host-cached) DR image...
[   0.234][v][vo/gpu-next] reconfig to 1280x720 yuv420p bt.709/bt.709/bt.1886/limited/display CL=mpeg2/4/h264 crop=1280x720+0+0 A=none
[   0.234][v][vo/gpu-next/wayland] Reconfiguring!
[   0.234][d][vo/gpu-next] max content size: 1920x1080
[   0.234][d][vo/gpu-next] monitor size: 1920x1080
[   0.234][v][vo/gpu-next] Window size: 1280x720 (Borders: l=0 t=0 r=0 b=0)
[   0.234][v][vo/gpu-next] Video source: 1280x720 (1:1)
[   0.234][v][vo/gpu-next] Video display: (0, 0) 1280x720 -> (0, 0) 1280x720
[   0.234][v][vo/gpu-next] Video scale: 1.000000/1.000000
[   0.234][v][vo/gpu-next] OSD borders: l=0 t=0 r=0 b=0
[   0.234][v][vo/gpu-next] Video borders: l=0 t=0 r=0 b=0
[   0.234][v][vo/gpu-next/wayland] Handling resize on the vk side
[   0.235][d][vo/gpu-next/libplacebo] Requested alpha compositing mode: VK_COMPOSITE_ALPHA_PRE_MULTIPLIED_BIT_KHR
[   0.236][d][vo/gpu-next/libplacebo] Requested surface transform: VK_SURFACE_TRANSFORM_IDENTITY_BIT_KHR
[   0.236][d][vo/gpu-next/libplacebo] Requested image count: 3 (min 4 max 0)
[   0.236][d][vo/gpu-next/libplacebo] Requested image size: 1280x720 (min 1x1 < cur -1x-1 < max 32768x32768)
[   0.236][d][vo/gpu-next/libplacebo] (Re)creating swapchain of size 1280x720
[   0.275][v][vo/gpu-next] Window size: 1280x720 (Borders: l=0 t=0 r=0 b=0)
[   0.275][v][vo/gpu-next] Video source: 1280x720 (1:1)
[   0.275][v][vo/gpu-next] Video display: (0, 0) 1280x720 -> (0, 0) 1280x720
[   0.275][v][vo/gpu-next] Video scale: 1.000000/1.000000
[   0.275][v][vo/gpu-next] OSD borders: l=0 t=0 r=0 b=0
[   0.275][v][vo/gpu-next] Video borders: l=0 t=0 r=0 b=0
[   0.275][d][vo/gpu-next/libplacebo] (Re)creating 1280x720x0 texture with format r8: ../src/utils/upload.c:239
[   0.275][d][vo/gpu-next/libplacebo] Allocating 983040 memory of type 0x1 (id 0) in heap 0: ../src/utils/upload.c:239
[   0.275][d][vo/gpu-next/libplacebo] Memory types supported by device:
[   0.275][d][vo/gpu-next/libplacebo]     0: flags 0x1 heap 0
[   0.275][d][vo/gpu-next/libplacebo]     1: flags 0x1 heap 0
[   0.275][d][vo/gpu-next/libplacebo]     2: flags 0x6 heap 1
[   0.275][d][vo/gpu-next/libplacebo]     3: flags 0x7 heap 2
[   0.275][d][vo/gpu-next/libplacebo]     4: flags 0x7 heap 2
[   0.275][d][vo/gpu-next/libplacebo]     5: flags 0xe heap 1
[   0.275][d][vo/gpu-next/libplacebo]     6: flags 0xe heap 1
[   0.275][d][vo/gpu-next/libplacebo]     7: flags 0xc1 heap 0
[   0.275][d][vo/gpu-next/libplacebo]     8: flags 0xc6 heap 1
[   0.275][d][vo/gpu-next/libplacebo]     9: flags 0xc7 heap 2
[   0.275][d][vo/gpu-next/libplacebo]     10: flags 0xce heap 1
[   0.275][d][vo/gpu-next/libplacebo] Spent 0.054 ms allocating slab
[   0.276][d][vo/gpu-next/libplacebo] (Re)creating 640x360x0 texture with format r8: ../src/utils/upload.c:239
[   0.276][d][vo/gpu-next/libplacebo] Allocating 245760 memory of type 0x1 (id 0) in heap 0: ../src/utils/upload.c:239
[   0.276][d][vo/gpu-next/libplacebo] Memory types supported by device:
[   0.276][d][vo/gpu-next/libplacebo]     0: flags 0x1 heap 0
[   0.276][d][vo/gpu-next/libplacebo]     1: flags 0x1 heap 0
[   0.276][d][vo/gpu-next/libplacebo]     2: flags 0x6 heap 1
[   0.276][d][vo/gpu-next/libplacebo]     3: flags 0x7 heap 2
[   0.276][d][vo/gpu-next/libplacebo]     4: flags 0x7 heap 2
[   0.276][d][vo/gpu-next/libplacebo]     5: flags 0xe heap 1
[   0.276][d][vo/gpu-next/libplacebo]     6: flags 0xe heap 1
[   0.276][d][vo/gpu-next/libplacebo]     7: flags 0xc1 heap 0
[   0.276][d][vo/gpu-next/libplacebo]     8: flags 0xc6 heap 1
[   0.276][d][vo/gpu-next/libplacebo]     9: flags 0xc7 heap 2
[   0.276][d][vo/gpu-next/libplacebo]     10: flags 0xce heap 1
[   0.276][d][vo/gpu-next/libplacebo] Spent 0.043 ms allocating slab
[   0.276][d][vo/gpu-next/libplacebo] (Re)creating 640x360x0 texture with format r8: ../src/utils/upload.c:239
[   0.276][d][vo/gpu-next/libplacebo] Allocating 491520 memory of type 0x1 (id 0) in heap 0: ../src/utils/upload.c:239
[   0.276][d][vo/gpu-next/libplacebo] Memory types supported by device:
[   0.276][d][vo/gpu-next/libplacebo]     0: flags 0x1 heap 0
[   0.276][d][vo/gpu-next/libplacebo]     1: flags 0x1 heap 0
[   0.276][d][vo/gpu-next/libplacebo]     2: flags 0x6 heap 1
[   0.276][d][vo/gpu-next/libplacebo]     3: flags 0x7 heap 2
[   0.276][d][vo/gpu-next/libplacebo]     4: flags 0x7 heap 2
[   0.276][d][vo/gpu-next/libplacebo]     5: flags 0xe heap 1
[   0.276][d][vo/gpu-next/libplacebo]     6: flags 0xe heap 1
[   0.276][d][vo/gpu-next/libplacebo]     7: flags 0xc1 heap 0
[   0.276][d][vo/gpu-next/libplacebo]     8: flags 0xc6 heap 1
[   0.276][d][vo/gpu-next/libplacebo]     9: flags 0xc7 heap 2
[   0.276][d][vo/gpu-next/libplacebo]     10: flags 0xce heap 1
[   0.276][d][vo/gpu-next/libplacebo] Spent 0.099 ms allocating slab
[   0.276][d][vo/gpu-next/libplacebo] (Re)creating 640x360x0 texture with format rg8: src/renderer.c:1689
[   0.276][d][vo/gpu-next/libplacebo] Allocating 589824 memory of type 0x1 (id 0) in heap 0: ../src/utils/upload.c:239
[   0.276][d][vo/gpu-next/libplacebo] Memory types supported by device:
[   0.276][d][vo/gpu-next/libplacebo]     0: flags 0x1 heap 0
[   0.276][d][vo/gpu-next/libplacebo]     1: flags 0x1 heap 0
[   0.276][d][vo/gpu-next/libplacebo]     2: flags 0x6 heap 1
[   0.276][d][vo/gpu-next/libplacebo]     3: flags 0x7 heap 2
[   0.276][d][vo/gpu-next/libplacebo]     4: flags 0x7 heap 2
[   0.276][d][vo/gpu-next/libplacebo]     5: flags 0xe heap 1
[   0.276][d][vo/gpu-next/libplacebo]     6: flags 0xe heap 1
[   0.276][d][vo/gpu-next/libplacebo]     7: flags 0xc1 heap 0
[   0.276][d][vo/gpu-next/libplacebo]     8: flags 0xc6 heap 1
[   0.276][d][vo/gpu-next/libplacebo]     9: flags 0xc7 heap 2
[   0.276][d][vo/gpu-next/libplacebo]     10: flags 0xce heap 1
[   0.276][d][vo/gpu-next/libplacebo] Spent 0.031 ms allocating slab
[   0.276][d][vo/gpu-next/libplacebo] vertex shader source:
[   0.276][d][vo/gpu-next/libplacebo] [  1] #version 450
[   0.276][d][vo/gpu-next/libplacebo] [  2] #extension GL_KHR_shader_subgroup_basic : enable 
[   0.276][d][vo/gpu-next/libplacebo] [  3] #extension GL_KHR_shader_subgroup_vote : enable 
[   0.276][d][vo/gpu-next/libplacebo] [  4] #extension GL_KHR_shader_subgroup_arithmetic : enable 
[   0.276][d][vo/gpu-next/libplacebo] [  5] #extension GL_KHR_shader_subgroup_ballot : enable 
[   0.276][d][vo/gpu-next/libplacebo] [  6] #extension GL_KHR_shader_subgroup_shuffle : enable 
[   0.276][d][vo/gpu-next/libplacebo] [  7] #extension GL_KHR_shader_subgroup_clustered : enable 
[   0.276][d][vo/gpu-next/libplacebo] [  8] #extension GL_KHR_shader_subgroup_quad : enable 
[   0.276][d][vo/gpu-next/libplacebo] [  9] #extension GL_ARB_texture_gather : enable
[   0.276][d][vo/gpu-next/libplacebo] [ 10] layout(constant_id=0) const float _4 = 1; 
[   0.276][d][vo/gpu-next/libplacebo] [ 11] layout(constant_id=1) const float _8004 = 1; 
[   0.276][d][vo/gpu-next/libplacebo] [ 12] layout(binding=0) uniform  sampler2D _2;
[   0.276][d][vo/gpu-next/libplacebo] [ 13] layout(binding=1) uniform  sampler2D _8002;
[   0.276][d][vo/gpu-next/libplacebo] [ 14] layout(location=0) in vec2 _7;
[   0.276][d][vo/gpu-next/libplacebo] [ 15] layout(location=0) out vec2 _3;
[   0.276][d][vo/gpu-next/libplacebo] [ 16] layout(location=1) in vec2 _8;
[   0.276][d][vo/gpu-next/libplacebo] [ 17] layout(location=1) out vec2 _8003;
[   0.276][d][vo/gpu-next/libplacebo] [ 18] layout(location=2) in vec2 _9;
[   0.276][d][vo/gpu-next/libplacebo] [ 19] void main() {
[   0.276][d][vo/gpu-next/libplacebo] [ 20] _3 = _7;
[   0.276][d][vo/gpu-next/libplacebo] [ 21] _8003 = _8;
[   0.276][d][vo/gpu-next/libplacebo] [ 22] vec2 va_pos = _9; 
[   0.276][d][vo/gpu-next/libplacebo] [ 23] gl_Position = vec4(va_pos, 0.0, 1.0); 
[   0.276][d][vo/gpu-next/libplacebo] [ 24] }
[   0.276][d][vo/gpu-next/libplacebo] fragment shader source:
[   0.276][d][vo/gpu-next/libplacebo] [  1] #version 450
[   0.276][d][vo/gpu-next/libplacebo] [  2] #extension GL_KHR_shader_subgroup_basic : enable 
[   0.276][d][vo/gpu-next/libplacebo] [  3] #extension GL_KHR_shader_subgroup_vote : enable 
[   0.276][d][vo/gpu-next/libplacebo] [  4] #extension GL_KHR_shader_subgroup_arithmetic : enable 
[   0.276][d][vo/gpu-next/libplacebo] [  5] #extension GL_KHR_shader_subgroup_ballot : enable 
[   0.276][d][vo/gpu-next/libplacebo] [  6] #extension GL_KHR_shader_subgroup_shuffle : enable 
[   0.276][d][vo/gpu-next/libplacebo] [  7] #extension GL_KHR_shader_subgroup_clustered : enable 
[   0.276][d][vo/gpu-next/libplacebo] [  8] #extension GL_KHR_shader_subgroup_quad : enable 
[   0.276][d][vo/gpu-next/libplacebo] [  9] #extension GL_ARB_texture_gather : enable
[   0.276][d][vo/gpu-next/libplacebo] [ 10] layout(constant_id=0) const float _4 = 1; 
[   0.276][d][vo/gpu-next/libplacebo] [ 11] layout(constant_id=1) const float _8004 = 1; 
[   0.276][d][vo/gpu-next/libplacebo] [ 12] layout(binding=0) uniform  sampler2D _2;
[   0.276][d][vo/gpu-next/libplacebo] [ 13] layout(binding=1) uniform  sampler2D _8002;
[   0.276][d][vo/gpu-next/libplacebo] [ 14] layout(location=0) in vec2 _3;
[   0.276][d][vo/gpu-next/libplacebo] [ 15] layout(location=1) in vec2 _8003;
[   0.276][d][vo/gpu-next/libplacebo] [ 16] layout(location=0) out vec4 out_color;
[   0.276][d][vo/gpu-next/libplacebo] [ 17] 
[   0.276][d][vo/gpu-next/libplacebo] [ 18] vec4 _8001() {
[   0.276][d][vo/gpu-next/libplacebo] [ 19] // pl_shader_sample_direct                                  
[   0.276][d][vo/gpu-next/libplacebo] [ 20] vec4 color = vec4(_8004) * vec4(textureLod(_8002, _8003, 0.0));   
[   0.276][d][vo/gpu-next/libplacebo] [ 21] return color;
[   0.276][d][vo/gpu-next/libplacebo] [ 22] }
[   0.276][d][vo/gpu-next/libplacebo] [ 23] 
[   0.276][d][vo/gpu-next/libplacebo] [ 24] vec4 _1() {
[   0.276][d][vo/gpu-next/libplacebo] [ 25] // pl_shader_sample_direct                                  
[   0.276][d][vo/gpu-next/libplacebo] [ 26] vec4 color = vec4(_4) * vec4(textureLod(_2, _3, 0.0));   
[   0.276][d][vo/gpu-next/libplacebo] [ 27] {                 
[   0.276][d][vo/gpu-next/libplacebo] [ 28] vec4 tmp = _8001(); 
[   0.276][d][vo/gpu-next/libplacebo] [ 29] color[1] = tmp[0]; 
[   0.276][d][vo/gpu-next/libplacebo] [ 30] } 
[   0.276][d][vo/gpu-next/libplacebo] [ 31] return color;
[   0.276][d][vo/gpu-next/libplacebo] [ 32] }
[   0.276][d][vo/gpu-next/libplacebo] [ 33] 
[   0.276][d][vo/gpu-next/libplacebo] [ 34] void main() {
[   0.276][d][vo/gpu-next/libplacebo] [ 35] out_color = _1();
[   0.276][d][vo/gpu-next/libplacebo] [ 36] }
[   0.276][d][vo/gpu-next/libplacebo] Specialization constant values:
[   0.276][d][vo/gpu-next/libplacebo]   constant_id=0: 1.000000
[   0.276][d][vo/gpu-next/libplacebo]   constant_id=1: 1.000000
[   0.389][d][vo/gpu-next/libplacebo] shaderc compile status 'success' (0 errors, 0 warnings)
[   0.389][v][vo/gpu-next/libplacebo] Spent 112.586 ms translating SPIR-V (slow!)
[   0.391][d][vo/gpu-next/libplacebo] shaderc compile status 'success' (0 errors, 0 warnings)
[   0.391][d][vo/gpu-next/libplacebo] Spent 2.192 ms translating SPIR-V
[   0.391][d][vo/gpu-next/libplacebo] Spent 0.010 ms compiling shader
[   0.391][d][vo/gpu-next/libplacebo] Spent 0.124 ms creating pipeline
[   0.391][d][vo/gpu-next/libplacebo] Pass statistics: size 0, SPIR-V: vert 0 frag 0 comp 0
[   0.391][d][vo/gpu-next/libplacebo] Allocating 261888 memory of type 0x7 (id 3) in heap 2: ../src/gpu/utils.c:1175
[   0.391][d][vo/gpu-next/libplacebo] Memory types supported by device:
[   0.391][d][vo/gpu-next/libplacebo]     0: flags 0x1 heap 0
[   0.391][d][vo/gpu-next/libplacebo]     1: flags 0x1 heap 0
[   0.391][d][vo/gpu-next/libplacebo]     2: flags 0x6 heap 1
[   0.391][d][vo/gpu-next/libplacebo]     3: flags 0x7 heap 2
[   0.391][d][vo/gpu-next/libplacebo]     4: flags 0x7 heap 2
[   0.391][d][vo/gpu-next/libplacebo]     5: flags 0xe heap 1
[   0.391][d][vo/gpu-next/libplacebo]     6: flags 0xe heap 1
[   0.391][d][vo/gpu-next/libplacebo]     7: flags 0xc1 heap 0
[   0.391][d][vo/gpu-next/libplacebo]     8: flags 0xc6 heap 1
[   0.391][d][vo/gpu-next/libplacebo]     9: flags 0xc7 heap 2
[   0.391][d][vo/gpu-next/libplacebo]     10: flags 0xce heap 1
[   0.391][d][vo/gpu-next/libplacebo] Spent 0.065 ms allocating slab
[   0.392][d][vo/gpu-next/libplacebo] LUT invalidated, regenerating..
[   0.392][d][vo/gpu-next/libplacebo] Spent 0.000 ms generating shader LUT
[   0.392][d][vo/gpu-next/libplacebo] Allocating 262144 memory of type 0x1 (id 0) in heap 0: ../src/utils/upload.c:239
[   0.392][d][vo/gpu-next/libplacebo] Memory types supported by device:
[   0.392][d][vo/gpu-next/libplacebo]     0: flags 0x1 heap 0
[   0.392][d][vo/gpu-next/libplacebo]     1: flags 0x1 heap 0
[   0.392][d][vo/gpu-next/libplacebo]     2: flags 0x6 heap 1
[   0.392][d][vo/gpu-next/libplacebo]     3: flags 0x7 heap 2
[   0.392][d][vo/gpu-next/libplacebo]     4: flags 0x7 heap 2
[   0.392][d][vo/gpu-next/libplacebo]     5: flags 0xe heap 1
[   0.392][d][vo/gpu-next/libplacebo]     6: flags 0xe heap 1
[   0.392][d][vo/gpu-next/libplacebo]     7: flags 0xc1 heap 0
[   0.392][d][vo/gpu-next/libplacebo]     8: flags 0xc6 heap 1
[   0.392][d][vo/gpu-next/libplacebo]     9: flags 0xc7 heap 2
[   0.392][d][vo/gpu-next/libplacebo]     10: flags 0xce heap 1
[   0.392][d][vo/gpu-next/libplacebo] Spent 0.031 ms allocating slab
[   0.392][d][vo/gpu-next/libplacebo] Allocating 255936 memory of type 0x7 (id 3) in heap 2: ../src/gpu/utils.c:576
[   0.392][d][vo/gpu-next/libplacebo] Memory types supported by device:
[   0.392][d][vo/gpu-next/libplacebo]     0: flags 0x1 heap 0
[   0.392][d][vo/gpu-next/libplacebo]     1: flags 0x1 heap 0
[   0.392][d][vo/gpu-next/libplacebo]     2: flags 0x6 heap 1
[   0.392][d][vo/gpu-next/libplacebo]     3: flags 0x7 heap 2
[   0.392][d][vo/gpu-next/libplacebo]     4: flags 0x7 heap 2
[   0.392][d][vo/gpu-next/libplacebo]     5: flags 0xe heap 1
[   0.392][d][vo/gpu-next/libplacebo]     6: flags 0xe heap 1
[   0.392][d][vo/gpu-next/libplacebo]     7: flags 0xc1 heap 0
[   0.392][d][vo/gpu-next/libplacebo]     8: flags 0xc6 heap 1
[   0.392][d][vo/gpu-next/libplacebo]     9: flags 0xc7 heap 2
[   0.392][d][vo/gpu-next/libplacebo]     10: flags 0xce heap 1
[   0.392][d][vo/gpu-next/libplacebo] Spent 0.076 ms allocating slab
[   0.392][d][vo/gpu-next/libplacebo] (Re)creating 640x720x0 texture with format rg16hf: src/renderer.c:768
[   0.392][d][vo/gpu-next/libplacebo] Allocating 1966080 memory of type 0x1 (id 0) in heap 0: ../src/utils/upload.c:239
[   0.392][d][vo/gpu-next/libplacebo] Memory types supported by device:
[   0.392][d][vo/gpu-next/libplacebo]     0: flags 0x1 heap 0
[   0.392][d][vo/gpu-next/libplacebo]     1: flags 0x1 heap 0
[   0.392][d][vo/gpu-next/libplacebo]     2: flags 0x6 heap 1
[   0.392][d][vo/gpu-next/libplacebo]     3: flags 0x7 heap 2
[   0.392][d][vo/gpu-next/libplacebo]     4: flags 0x7 heap 2
[   0.392][d][vo/gpu-next/libplacebo]     5: flags 0xe heap 1
[   0.393][d][vo/gpu-next/libplacebo]     6: flags 0xe heap 1
[   0.393][d][vo/gpu-next/libplacebo]     7: flags 0xc1 heap 0
[   0.393][d][vo/gpu-next/libplacebo]     8: flags 0xc6 heap 1
[   0.393][d][vo/gpu-next/libplacebo]     9: flags 0xc7 heap 2
[   0.393][d][vo/gpu-next/libplacebo]     10: flags 0xce heap 1
[   0.393][d][vo/gpu-next/libplacebo] Spent 0.056 ms allocating slab
[   0.393][d][vo/gpu-next/libplacebo] vertex shader source:
[   0.393][d][vo/gpu-next/libplacebo] [  1] #version 450
[   0.393][d][vo/gpu-next/libplacebo] [  2] #extension GL_KHR_shader_subgroup_basic : enable 
[   0.393][d][vo/gpu-next/libplacebo] [  3] #extension GL_KHR_shader_subgroup_vote : enable 
[   0.393][d][vo/gpu-next/libplacebo] [  4] #extension GL_KHR_shader_subgroup_arithmetic : enable 
[   0.393][d][vo/gpu-next/libplacebo] [  5] #extension GL_KHR_shader_subgroup_ballot : enable 
[   0.393][d][vo/gpu-next/libplacebo] [  6] #extension GL_KHR_shader_subgroup_shuffle : enable 
[   0.393][d][vo/gpu-next/libplacebo] [  7] #extension GL_KHR_shader_subgroup_clustered : enable 
[   0.393][d][vo/gpu-next/libplacebo] [  8] #extension GL_KHR_shader_subgroup_quad : enable 
[   0.393][d][vo/gpu-next/libplacebo] [  9] #extension GL_ARB_texture_gather : enable
[   0.393][d][vo/gpu-next/libplacebo] [ 10] layout(std430, push_constant) uniform PushC {
[   0.393][d][vo/gpu-next/libplacebo] [ 11]     layout(offset=0) vec2 _4;
[   0.393][d][vo/gpu-next/libplacebo] [ 12] };
[   0.393][d][vo/gpu-next/libplacebo] [ 13] layout(constant_id=0) const float _8 = 1; 
[   0.393][d][vo/gpu-next/libplacebo] [ 14] layout(constant_id=1) const float _9 = 1; 
[   0.393][d][vo/gpu-next/libplacebo] [ 15] layout(constant_id=2) const float _b = 1; 
[   0.393][d][vo/gpu-next/libplacebo] [ 16] layout(constant_id=3) const float _c = 1; 
[   0.393][d][vo/gpu-next/libplacebo] [ 17] layout(constant_id=4) const uint _d = 1; 
[   0.393][d][vo/gpu-next/libplacebo] [ 18] layout(constant_id=5) const float _e = 1; 
[   0.393][d][vo/gpu-next/libplacebo] [ 19] layout(constant_id=6) const float _f = 1; 
[   0.393][d][vo/gpu-next/libplacebo] [ 20] layout(binding=0) uniform  sampler2D _2;
[   0.393][d][vo/gpu-next/libplacebo] [ 21] layout(binding=1) uniform  sampler2D _6;
[   0.393][d][vo/gpu-next/libplacebo] [ 22] layout(location=0) in vec2 _12;
[   0.393][d][vo/gpu-next/libplacebo] [ 23] layout(location=0) out vec2 _3;
[   0.393][d][vo/gpu-next/libplacebo] [ 24] layout(location=1) in vec2 _13;
[   0.393][d][vo/gpu-next/libplacebo] [ 25] void main() {
[   0.393][d][vo/gpu-next/libplacebo] [ 26] _3 = _12;
[   0.393][d][vo/gpu-next/libplacebo] [ 27] vec2 va_pos = _13; 
[   0.393][d][vo/gpu-next/libplacebo] [ 28] gl_Position = vec4(va_pos, 0.0, 1.0); 
[   0.393][d][vo/gpu-next/libplacebo] [ 29] }
[   0.393][d][vo/gpu-next/libplacebo] fragment shader source:
[   0.393][d][vo/gpu-next/libplacebo] [  1] #version 450
[   0.393][d][vo/gpu-next/libplacebo] [  2] #extension GL_KHR_shader_subgroup_basic : enable 
[   0.393][d][vo/gpu-next/libplacebo] [  3] #extension GL_KHR_shader_subgroup_vote : enable 
[   0.393][d][vo/gpu-next/libplacebo] [  4] #extension GL_KHR_shader_subgroup_arithmetic : enable 
[   0.393][d][vo/gpu-next/libplacebo] [  5] #extension GL_KHR_shader_subgroup_ballot : enable 
[   0.393][d][vo/gpu-next/libplacebo] [  6] #extension GL_KHR_shader_subgroup_shuffle : enable 
[   0.393][d][vo/gpu-next/libplacebo] [  7] #extension GL_KHR_shader_subgroup_clustered : enable 
[   0.393][d][vo/gpu-next/libplacebo] [  8] #extension GL_KHR_shader_subgroup_quad : enable 
[   0.393][d][vo/gpu-next/libplacebo] [  9] #extension GL_ARB_texture_gather : enable
[   0.393][d][vo/gpu-next/libplacebo] [ 10] layout(std430, push_constant) uniform PushC {
[   0.393][d][vo/gpu-next/libplacebo] [ 11]     layout(offset=0) vec2 _4;
[   0.393][d][vo/gpu-next/libplacebo] [ 12] };
[   0.393][d][vo/gpu-next/libplacebo] [ 13] layout(constant_id=0) const float _8 = 1; 
[   0.393][d][vo/gpu-next/libplacebo] [ 14] layout(constant_id=1) const float _9 = 1; 
[   0.393][d][vo/gpu-next/libplacebo] [ 15] layout(constant_id=2) const float _b = 1; 
[   0.393][d][vo/gpu-next/libplacebo] [ 16] layout(constant_id=3) const float _c = 1; 
[   0.393][d][vo/gpu-next/libplacebo] [ 17] layout(constant_id=4) const uint _d = 1; 
[   0.393][d][vo/gpu-next/libplacebo] [ 18] layout(constant_id=5) const float _e = 1; 
[   0.393][d][vo/gpu-next/libplacebo] [ 19] layout(constant_id=6) const float _f = 1; 
[   0.393][d][vo/gpu-next/libplacebo] [ 20] layout(binding=0) uniform  sampler2D _2;
[   0.393][d][vo/gpu-next/libplacebo] [ 21] layout(binding=1) uniform  sampler2D _6;
[   0.393][d][vo/gpu-next/libplacebo] [ 22] layout(location=0) in vec2 _3;
[   0.393][d][vo/gpu-next/libplacebo] [ 23] layout(location=0) out vec4 out_color;
[   0.393][d][vo/gpu-next/libplacebo] [ 24] 
[   0.393][d][vo/gpu-next/libplacebo] [ 25] #define _7(x) (_9 * (x) + _8) 
[   0.393][d][vo/gpu-next/libplacebo] [ 26] #define _a(x) (_c * (x) + _b) 
[   0.393][d][vo/gpu-next/libplacebo] [ 27] #define _5(pos) (textureLod(_6, vec2(\
[   0.393][d][vo/gpu-next/libplacebo] [ 28]     _7(vec2(pos).x)\
[   0.393][d][vo/gpu-next/libplacebo] [ 29]    ,_a(vec2(pos).y)\
[   0.393][d][vo/gpu-next/libplacebo] [ 30]   ), 0.0).xyzw)
[   0.393][d][vo/gpu-next/libplacebo] [ 31] vec4 _1() {
[   0.393][d][vo/gpu-next/libplacebo] [ 32] 
[   0.393][d][vo/gpu-next/libplacebo] [ 33] vec4 color = vec4(0.0, 0.0, 0.0, 1.0);
[   0.393][d][vo/gpu-next/libplacebo] [ 34] {
[   0.393][d][vo/gpu-next/libplacebo] [ 35] vec2 pos = _3, pt = _4;
[   0.393][d][vo/gpu-next/libplacebo] [ 36] vec2 size = vec2(textureSize(_2, 0));
[   0.393][d][vo/gpu-next/libplacebo] [ 37] vec2 dir = vec2(float(0), float(1));
[   0.393][d][vo/gpu-next/libplacebo] [ 38] pt *= dir;
[   0.393][d][vo/gpu-next/libplacebo] [ 39] vec2 fcoord2 = fract(pos * size - vec2(0.5));
[   0.393][d][vo/gpu-next/libplacebo] [ 40] float fcoord = dot(fcoord2, dir);
[   0.393][d][vo/gpu-next/libplacebo] [ 41] vec2 base = pos - fcoord * pt - pt * vec2(float(2));
[   0.393][d][vo/gpu-next/libplacebo] [ 42] vec4 ws;
[   0.393][d][vo/gpu-next/libplacebo] [ 43] float off;
[   0.393][d][vo/gpu-next/libplacebo] [ 44] vec2 c, ca = vec2(0.0);
[   0.393][d][vo/gpu-next/libplacebo] [ 45] #pragma unroll 4
[   0.393][d][vo/gpu-next/libplacebo] [ 46] for (uint n = 0u; n < _d; n += uint(1)) {
[   0.393][d][vo/gpu-next/libplacebo] [ 47] if (n % 4u == 0u)
[   0.393][d][vo/gpu-next/libplacebo] [ 48] ws = _5(vec2(float(n / 4u) / float(1), fcoord));
[   0.393][d][vo/gpu-next/libplacebo] [ 49] off = float(n);
[   0.393][d][vo/gpu-next/libplacebo] [ 50] c = textureLod(_2, base + pt * off, 0.0).rg;
[   0.393][d][vo/gpu-next/libplacebo] [ 51] ca += ws[n % 4u] * c;
[   0.393][d][vo/gpu-next/libplacebo] [ 52] }
[   0.393][d][vo/gpu-next/libplacebo] [ 53] color.rg = _f * ca;
[   0.393][d][vo/gpu-next/libplacebo] [ 54] }
[   0.393][d][vo/gpu-next/libplacebo] [ 55] return color;
[   0.393][d][vo/gpu-next/libplacebo] [ 56] }
[   0.393][d][vo/gpu-next/libplacebo] [ 57] 
[   0.393][d][vo/gpu-next/libplacebo] [ 58] void main() {
[   0.393][d][vo/gpu-next/libplacebo] [ 59] out_color = _1();
[   0.393][d][vo/gpu-next/libplacebo] [ 60] }
[   0.393][d][vo/gpu-next/libplacebo] Specialization constant values:
[   0.393][d][vo/gpu-next/libplacebo]   constant_id=0: 0.250000
[   0.393][d][vo/gpu-next/libplacebo]   constant_id=1: 0.500000
[   0.393][d][vo/gpu-next/libplacebo]   constant_id=2: 0.001953
[   0.393][d][vo/gpu-next/libplacebo]   constant_id=3: 0.996094
[   0.393][d][vo/gpu-next/libplacebo]   constant_id=4: 6
[   0.393][d][vo/gpu-next/libplacebo]   constant_id=5: 0.000000
[   0.393][d][vo/gpu-next/libplacebo]   constant_id=6: 1.000000
[   0.395][d][vo/gpu-next/libplacebo] shaderc compile status 'success' (0 errors, 0 warnings)
[   0.395][d][vo/gpu-next/libplacebo] Spent 2.131 ms translating SPIR-V
[   0.400][d][vo/gpu-next/libplacebo] shaderc compile status 'success' (0 errors, 0 warnings)
[   0.400][d][vo/gpu-next/libplacebo] Spent 4.881 ms translating SPIR-V
[   0.400][d][vo/gpu-next/libplacebo] Spent 0.009 ms compiling shader
[   0.400][d][vo/gpu-next/libplacebo] Spent 0.113 ms creating pipeline
[   0.400][d][vo/gpu-next/libplacebo] Pass statistics: size 0, SPIR-V: vert 0 frag 0 comp 0
[   0.400][d][vo/gpu-next/libplacebo] LUT invalidated, regenerating..
[   0.400][d][vo/gpu-next/libplacebo] Spent 0.000 ms generating shader LUT
[   0.400][d][vo/gpu-next/libplacebo] LUT invalidated, regenerating..
[   0.425][v][vo/gpu-next/libplacebo] Spent 24.574 ms generating shader LUT
[   0.425][d][vo/gpu-next/libplacebo] Allocating 247680 memory of type 0x7 (id 3) in heap 2: ../src/gpu/utils.c:576
[   0.425][d][vo/gpu-next/libplacebo] Memory types supported by device:
[   0.425][d][vo/gpu-next/libplacebo]     0: flags 0x1 heap 0
[   0.425][d][vo/gpu-next/libplacebo]     1: flags 0x1 heap 0
[   0.425][d][vo/gpu-next/libplacebo]     2: flags 0x6 heap 1
[   0.425][d][vo/gpu-next/libplacebo]     3: flags 0x7 heap 2
[   0.425][d][vo/gpu-next/libplacebo]     4: flags 0x7 heap 2
[   0.425][d][vo/gpu-next/libplacebo]     5: flags 0xe heap 1
[   0.425][d][vo/gpu-next/libplacebo]     6: flags 0xe heap 1
[   0.425][d][vo/gpu-next/libplacebo]     7: flags 0xc1 heap 0
[   0.425][d][vo/gpu-next/libplacebo]     8: flags 0xc6 heap 1
[   0.425][d][vo/gpu-next/libplacebo]     9: flags 0xc7 heap 2
[   0.425][d][vo/gpu-next/libplacebo]     10: flags 0xce heap 1
[   0.425][d][vo/gpu-next/libplacebo] Spent 0.251 ms allocating slab
[   0.426][v][vo/gpu-next/libplacebo] Dithering to 8 bit depth
[   0.426][d][vo/gpu-next/libplacebo] vertex shader source:
[   0.426][d][vo/gpu-next/libplacebo] [  1] #version 450
[   0.426][d][vo/gpu-next/libplacebo] [  2] #extension GL_KHR_shader_subgroup_basic : enable 
[   0.426][d][vo/gpu-next/libplacebo] [  3] #extension GL_KHR_shader_subgroup_vote : enable 
[   0.426][d][vo/gpu-next/libplacebo] [  4] #extension GL_KHR_shader_subgroup_arithmetic : enable 
[   0.426][d][vo/gpu-next/libplacebo] [  5] #extension GL_KHR_shader_subgroup_ballot : enable 
[   0.426][d][vo/gpu-next/libplacebo] [  6] #extension GL_KHR_shader_subgroup_shuffle : enable 
[   0.426][d][vo/gpu-next/libplacebo] [  7] #extension GL_KHR_shader_subgroup_clustered : enable 
[   0.426][d][vo/gpu-next/libplacebo] [  8] #extension GL_KHR_shader_subgroup_quad : enable 
[   0.426][d][vo/gpu-next/libplacebo] [  9] #extension GL_ARB_texture_gather : enable
[   0.426][d][vo/gpu-next/libplacebo] [ 10] layout(std430, push_constant) uniform PushC {
[   0.426][d][vo/gpu-next/libplacebo] [ 11]     layout(offset=0) vec2 _2004;
[   0.426][d][vo/gpu-next/libplacebo] [ 12]     layout(offset=16) vec3 _4007;
[   0.426][d][vo/gpu-next/libplacebo] [ 13]     layout(offset=32) mat3 _4006;
[   0.426][d][vo/gpu-next/libplacebo] [ 14] };
[   0.426][d][vo/gpu-next/libplacebo] [ 15] layout(constant_id=0) const float _4002 = 1; 
[   0.426][d][vo/gpu-next/libplacebo] [ 16] layout(constant_id=1) const float _4003 = 1; 
[   0.426][d][vo/gpu-next/libplacebo] [ 17] layout(constant_id=2) const float _c004 = 1; 
[   0.426][d][vo/gpu-next/libplacebo] [ 18] layout(constant_id=3) const float _4004 = 1; 
[   0.426][d][vo/gpu-next/libplacebo] [ 19] layout(constant_id=4) const float _2008 = 1; 
[   0.426][d][vo/gpu-next/libplacebo] [ 20] layout(constant_id=5) const float _2009 = 1; 
[   0.426][d][vo/gpu-next/libplacebo] [ 21] layout(constant_id=6) const float _200b = 1; 
[   0.426][d][vo/gpu-next/libplacebo] [ 22] layout(constant_id=7) const float _200c = 1; 
[   0.426][d][vo/gpu-next/libplacebo] [ 23] layout(constant_id=8) const uint _200d = 1; 
[   0.426][d][vo/gpu-next/libplacebo] [ 24] layout(constant_id=9) const float _200e = 1; 
[   0.426][d][vo/gpu-next/libplacebo] [ 25] layout(constant_id=10) const float _200f = 1; 
[   0.426][d][vo/gpu-next/libplacebo] [ 26] layout(constant_id=11) const float _4005 = 1; 
[   0.426][d][vo/gpu-next/libplacebo] [ 27] layout(constant_id=12) const float _400a = 1; 
[   0.426][d][vo/gpu-next/libplacebo] [ 28] layout(constant_id=13) const float _400b = 1; 
[   0.426][d][vo/gpu-next/libplacebo] [ 29] layout(constant_id=14) const float _400c = 1; 
[   0.426][d][vo/gpu-next/libplacebo] [ 30] layout(binding=0) uniform  sampler2D _c002;
[   0.426][d][vo/gpu-next/libplacebo] [ 31] layout(binding=1) uniform  sampler2D _2002;
[   0.426][d][vo/gpu-next/libplacebo] [ 32] layout(binding=2) uniform  sampler2D _2006;
[   0.426][d][vo/gpu-next/libplacebo] [ 33] layout(binding=3) uniform  sampler2D _4009;
[   0.426][d][vo/gpu-next/libplacebo] [ 34] layout(location=0) in vec2 _4010;
[   0.426][d][vo/gpu-next/libplacebo] [ 35] layout(location=0) out vec2 _c003;
[   0.426][d][vo/gpu-next/libplacebo] [ 36] layout(location=1) in vec2 _4011;
[   0.426][d][vo/gpu-next/libplacebo] [ 37] layout(location=1) out vec2 _2003;
[   0.426][d][vo/gpu-next/libplacebo] [ 38] layout(location=2) in vec2 _4012;
[   0.426][d][vo/gpu-next/libplacebo] [ 39] void main() {
[   0.426][d][vo/gpu-next/libplacebo] [ 40] _c003 = _4010;
[   0.426][d][vo/gpu-next/libplacebo] [ 41] _2003 = _4011;
[   0.426][d][vo/gpu-next/libplacebo] [ 42] vec2 va_pos = _4012; 
[   0.426][d][vo/gpu-next/libplacebo] [ 43] gl_Position = vec4(va_pos, 0.0, 1.0); 
[   0.426][d][vo/gpu-next/libplacebo] [ 44] }
[   0.426][d][vo/gpu-next/libplacebo] fragment shader source:
[   0.426][d][vo/gpu-next/libplacebo] [  1] #version 450
[   0.426][d][vo/gpu-next/libplacebo] [  2] #extension GL_KHR_shader_subgroup_basic : enable 
[   0.426][d][vo/gpu-next/libplacebo] [  3] #extension GL_KHR_shader_subgroup_vote : enable 
[   0.426][d][vo/gpu-next/libplacebo] [  4] #extension GL_KHR_shader_subgroup_arithmetic : enable 
[   0.426][d][vo/gpu-next/libplacebo] [  5] #extension GL_KHR_shader_subgroup_ballot : enable 
[   0.426][d][vo/gpu-next/libplacebo] [  6] #extension GL_KHR_shader_subgroup_shuffle : enable 
[   0.426][d][vo/gpu-next/libplacebo] [  7] #extension GL_KHR_shader_subgroup_clustered : enable 
[   0.426][d][vo/gpu-next/libplacebo] [  8] #extension GL_KHR_shader_subgroup_quad : enable 
[   0.426][d][vo/gpu-next/libplacebo] [  9] #extension GL_ARB_texture_gather : enable
[   0.426][d][vo/gpu-next/libplacebo] [ 10] layout(std430, push_constant) uniform PushC {
[   0.426][d][vo/gpu-next/libplacebo] [ 11]     layout(offset=0) vec2 _2004;
[   0.426][d][vo/gpu-next/libplacebo] [ 12]     layout(offset=16) vec3 _4007;
[   0.426][d][vo/gpu-next/libplacebo] [ 13]     layout(offset=32) mat3 _4006;
[   0.426][d][vo/gpu-next/libplacebo] [ 14] };
[   0.426][d][vo/gpu-next/libplacebo] [ 15] layout(constant_id=0) const float _4002 = 1; 
[   0.426][d][vo/gpu-next/libplacebo] [ 16] layout(constant_id=1) const float _4003 = 1; 
[   0.426][d][vo/gpu-next/libplacebo] [ 17] layout(constant_id=2) const float _c004 = 1; 
[   0.426][d][vo/gpu-next/libplacebo] [ 18] layout(constant_id=3) const float _4004 = 1; 
[   0.426][d][vo/gpu-next/libplacebo] [ 19] layout(constant_id=4) const float _2008 = 1; 
[   0.426][d][vo/gpu-next/libplacebo] [ 20] layout(constant_id=5) const float _2009 = 1; 
[   0.426][d][vo/gpu-next/libplacebo] [ 21] layout(constant_id=6) const float _200b = 1; 
[   0.426][d][vo/gpu-next/libplacebo] [ 22] layout(constant_id=7) const float _200c = 1; 
[   0.426][d][vo/gpu-next/libplacebo] [ 23] layout(constant_id=8) const uint _200d = 1; 
[   0.426][d][vo/gpu-next/libplacebo] [ 24] layout(constant_id=9) const float _200e = 1; 
[   0.426][d][vo/gpu-next/libplacebo] [ 25] layout(constant_id=10) const float _200f = 1; 
[   0.426][d][vo/gpu-next/libplacebo] [ 26] layout(constant_id=11) const float _4005 = 1; 
[   0.426][d][vo/gpu-next/libplacebo] [ 27] layout(constant_id=12) const float _400a = 1; 
[   0.426][d][vo/gpu-next/libplacebo] [ 28] layout(constant_id=13) const float _400b = 1; 
[   0.426][d][vo/gpu-next/libplacebo] [ 29] layout(constant_id=14) const float _400c = 1; 
[   0.426][d][vo/gpu-next/libplacebo] [ 30] layout(binding=0) uniform  sampler2D _c002;
[   0.426][d][vo/gpu-next/libplacebo] [ 31] layout(binding=1) uniform  sampler2D _2002;
[   0.426][d][vo/gpu-next/libplacebo] [ 32] layout(binding=2) uniform  sampler2D _2006;
[   0.426][d][vo/gpu-next/libplacebo] [ 33] layout(binding=3) uniform  sampler2D _4009;
[   0.426][d][vo/gpu-next/libplacebo] [ 34] layout(location=0) in vec2 _c003;
[   0.426][d][vo/gpu-next/libplacebo] [ 35] layout(location=1) in vec2 _2003;
[   0.426][d][vo/gpu-next/libplacebo] [ 36] layout(location=0) out vec4 out_color;
[   0.426][d][vo/gpu-next/libplacebo] [ 37] 
[   0.426][d][vo/gpu-next/libplacebo] [ 38] vec4 _c001() {
[   0.426][d][vo/gpu-next/libplacebo] [ 39] // pl_shader_sample_direct                                  
[   0.426][d][vo/gpu-next/libplacebo] [ 40] vec4 color = vec4(_c004) * vec4(textureLod(_c002, _c003, 0.0));   
[   0.426][d][vo/gpu-next/libplacebo] [ 41] return color;
[   0.426][d][vo/gpu-next/libplacebo] [ 42] }
[   0.426][d][vo/gpu-next/libplacebo] [ 43] 
[   0.426][d][vo/gpu-next/libplacebo] [ 44] #define _2007(x) (_2009 * (x) + _2008) 
[   0.426][d][vo/gpu-next/libplacebo] [ 45] #define _200a(x) (_200c * (x) + _200b) 
[   0.426][d][vo/gpu-next/libplacebo] [ 46] #define _2005(pos) (textureLod(_2006, vec2(\
[   0.426][d][vo/gpu-next/libplacebo] [ 47]     _2007(vec2(pos).x)\
[   0.426][d][vo/gpu-next/libplacebo] [ 48]    ,_200a(vec2(pos).y)\
[   0.426][d][vo/gpu-next/libplacebo] [ 49]   ), 0.0).xyzw)
[   0.426][d][vo/gpu-next/libplacebo] [ 50] vec4 _2001() {
[   0.426][d][vo/gpu-next/libplacebo] [ 51] 
[   0.426][d][vo/gpu-next/libplacebo] [ 52] vec4 color = vec4(0.0, 0.0, 0.0, 1.0);
[   0.426][d][vo/gpu-next/libplacebo] [ 53] {
[   0.426][d][vo/gpu-next/libplacebo] [ 54] vec2 pos = _2003, pt = _2004;
[   0.426][d][vo/gpu-next/libplacebo] [ 55] vec2 size = vec2(textureSize(_2002, 0));
[   0.426][d][vo/gpu-next/libplacebo] [ 56] vec2 dir = vec2(float(1), float(0));
[   0.426][d][vo/gpu-next/libplacebo] [ 57] pt *= dir;
[   0.426][d][vo/gpu-next/libplacebo] [ 58] vec2 fcoord2 = fract(pos * size - vec2(0.5));
[   0.426][d][vo/gpu-next/libplacebo] [ 59] float fcoord = dot(fcoord2, dir);
[   0.426][d][vo/gpu-next/libplacebo] [ 60] vec2 base = pos - fcoord * pt - pt * vec2(float(2));
[   0.426][d][vo/gpu-next/libplacebo] [ 61] vec4 ws;
[   0.426][d][vo/gpu-next/libplacebo] [ 62] float off;
[   0.426][d][vo/gpu-next/libplacebo] [ 63] vec2 c, ca = vec2(0.0);
[   0.426][d][vo/gpu-next/libplacebo] [ 64] #pragma unroll 4
[   0.426][d][vo/gpu-next/libplacebo] [ 65] for (uint n = 0u; n < _200d; n += uint(1)) {
[   0.426][d][vo/gpu-next/libplacebo] [ 66] if (n % 4u == 0u)
[   0.426][d][vo/gpu-next/libplacebo] [ 67] ws = _2005(vec2(float(n / 4u) / float(1), fcoord));
[   0.426][d][vo/gpu-next/libplacebo] [ 68] off = float(n);
[   0.426][d][vo/gpu-next/libplacebo] [ 69] c = textureLod(_2002, base + pt * off, 0.0).rg;
[   0.426][d][vo/gpu-next/libplacebo] [ 70] ca += ws[n % 4u] * c;
[   0.426][d][vo/gpu-next/libplacebo] [ 71] }
[   0.426][d][vo/gpu-next/libplacebo] [ 72] color.rg = _200f * ca;
[   0.426][d][vo/gpu-next/libplacebo] [ 73] }
[   0.426][d][vo/gpu-next/libplacebo] [ 74] return color;
[   0.426][d][vo/gpu-next/libplacebo] [ 75] }
[   0.426][d][vo/gpu-next/libplacebo] [ 76] 
[   0.427][d][vo/gpu-next/libplacebo] [ 77] #define _4008(pos) (texelFetch(_4009, ivec2(pos), 0).x)
[   0.427][d][vo/gpu-next/libplacebo] [ 78] vec4 _4001() {
[   0.427][d][vo/gpu-next/libplacebo] [ 79] vec4 color = vec4(_4003, vec2(_4002), 1.0);   
[   0.427][d][vo/gpu-next/libplacebo] [ 80] // pass_read_image                        
[   0.427][d][vo/gpu-next/libplacebo] [ 81] {                                         
[   0.427][d][vo/gpu-next/libplacebo] [ 82] vec4 tmp;                                 
[   0.427][d][vo/gpu-next/libplacebo] [ 83] tmp = vec4(_4004) * _c001(); 
[   0.427][d][vo/gpu-next/libplacebo] [ 84] color[0] = tmp[0];
[   0.427][d][vo/gpu-next/libplacebo] [ 85] tmp = vec4(_4005) * _2001(); 
[   0.427][d][vo/gpu-next/libplacebo] [ 86] color[1] = tmp[0];
[   0.427][d][vo/gpu-next/libplacebo] [ 87] color[2] = tmp[1];
[   0.427][d][vo/gpu-next/libplacebo] [ 88] }
[   0.427][d][vo/gpu-next/libplacebo] [ 89] // pl_shader_decode_color 
[   0.427][d][vo/gpu-next/libplacebo] [ 90] { 
[   0.427][d][vo/gpu-next/libplacebo] [ 91] color.rgb = _4006 * color.rgb + _4007; 
[   0.427][d][vo/gpu-next/libplacebo] [ 92] }
[   0.427][d][vo/gpu-next/libplacebo] [ 93] // pl_shader_encode_color 
[   0.427][d][vo/gpu-next/libplacebo] [ 94] { 
[   0.427][d][vo/gpu-next/libplacebo] [ 95] }
[   0.427][d][vo/gpu-next/libplacebo] [ 96] // pl_shader_dither 
[   0.427][d][vo/gpu-next/libplacebo] [ 97] {                    
[   0.427][d][vo/gpu-next/libplacebo] [ 98] float bias;          
[   0.427][d][vo/gpu-next/libplacebo] [ 99] vec2 pos = fract(gl_FragCoord.xy * 1.0/_400a); 
[   0.427][d][vo/gpu-next/libplacebo] [100] bias = _4008(ivec2(pos * _400b));
[   0.427][d][vo/gpu-next/libplacebo] [101] const float scale = 255.0; 
[   0.427][d][vo/gpu-next/libplacebo] [102] color = scale * color + vec4(bias);   
[   0.427][d][vo/gpu-next/libplacebo] [103] color = floor(color) * (1.0 / scale); 
[   0.427][d][vo/gpu-next/libplacebo] [104] } 
[   0.427][d][vo/gpu-next/libplacebo] [105] color.rgba *= vec4(1.0 / _400c); 
[   0.427][d][vo/gpu-next/libplacebo] [106] vec4 _400d = color;                 
[   0.427][d][vo/gpu-next/libplacebo] [107] color = vec4(0.0, 0.0, 0.0, 1.0); 
[   0.427][d][vo/gpu-next/libplacebo] [108] color[0] = _400d[0]; 
[   0.427][d][vo/gpu-next/libplacebo] [109] color[1] = _400d[1]; 
[   0.427][d][vo/gpu-next/libplacebo] [110] color[2] = _400d[2]; 
[   0.427][d][vo/gpu-next/libplacebo] [111] color[3] = _400d[3]; 
[   0.427][d][vo/gpu-next/libplacebo] [112] return color;
[   0.427][d][vo/gpu-next/libplacebo] [113] }
[   0.427][d][vo/gpu-next/libplacebo] [114] 
[   0.427][d][vo/gpu-next/libplacebo] [115] void main() {
[   0.427][d][vo/gpu-next/libplacebo] [116] out_color = _4001();
[   0.427][d][vo/gpu-next/libplacebo] [117] }
[   0.427][d][vo/gpu-next/libplacebo] Specialization constant values:
[   0.427][d][vo/gpu-next/libplacebo]   constant_id=0: 0.501961
[   0.427][d][vo/gpu-next/libplacebo]   constant_id=1: 0.062745
[   0.427][d][vo/gpu-next/libplacebo]   constant_id=2: 1.000000
[   0.427][d][vo/gpu-next/libplacebo]   constant_id=3: 1.000000
[   0.427][d][vo/gpu-next/libplacebo]   constant_id=4: 0.250000
[   0.427][d][vo/gpu-next/libplacebo]   constant_id=5: 0.500000
[   0.427][d][vo/gpu-next/libplacebo]   constant_id=6: 0.001953
[   0.427][d][vo/gpu-next/libplacebo]   constant_id=7: 0.996094
[   0.427][d][vo/gpu-next/libplacebo]   constant_id=8: 6
[   0.427][d][vo/gpu-next/libplacebo]   constant_id=9: 0.000000
[   0.427][d][vo/gpu-next/libplacebo]   constant_id=10: 1.000000
[   0.427][d][vo/gpu-next/libplacebo]   constant_id=11: 1.000000
[   0.427][d][vo/gpu-next/libplacebo]   constant_id=12: 64.000000
[   0.427][d][vo/gpu-next/libplacebo]   constant_id=13: 64.000000
[   0.427][d][vo/gpu-next/libplacebo]   constant_id=14: 1.000000
[   0.429][d][vo/gpu-next/libplacebo] shaderc compile status 'success' (0 errors, 0 warnings)
[   0.429][d][vo/gpu-next/libplacebo] Spent 2.861 ms translating SPIR-V
[   0.437][d][vo/gpu-next/libplacebo] shaderc compile status 'success' (0 errors, 0 warnings)
[   0.437][d][vo/gpu-next/libplacebo] Spent 7.605 ms translating SPIR-V
[   0.437][d][vo/gpu-next/libplacebo] Spent 0.015 ms compiling shader
[   0.437][d][vo/gpu-next/libplacebo] Spent 0.113 ms creating pipeline
[   0.437][d][vo/gpu-next/libplacebo] Pass statistics: size 0, SPIR-V: vert 0 frag 0 comp 0
[   0.448][d][vo/gpu-next] max content size: 2880x1800
[   0.448][d][vo/gpu-next] monitor size: 2880x1800
[   0.448][v][vo/gpu-next/wayland] Surface entered output Samsung Display Corp. 0x4188 (eDP-1) (0x2c), scale = 1.500000, refresh rate = 120.001000 Hz
[   0.448][v][vo/gpu-next/wayland] Given data offer with mime type text/plain;charset=utf-8
[   0.448][v][vo/gpu-next/wayland] Resizing due to xdg from 1280x720 to 1280x1742
[   0.448][v][cplayer] first video frame after restart shown
[   0.448][v][vo/gpu-next/wayland] Handling resize on the vk side
[   0.448][d][cplayer] starting video playback
[   0.448][d][vo/gpu-next/libplacebo] Requested alpha compositing mode: VK_COMPOSITE_ALPHA_PRE_MULTIPLIED_BIT_KHR
[   0.448][d][vo/gpu-next/libplacebo] Requested surface transform: VK_SURFACE_TRANSFORM_IDENTITY_BIT_KHR
[   0.448][d][vo/gpu-next/libplacebo] Requested image count: 4 (min 4 max 0)
[   0.448][d][vo/gpu-next/libplacebo] Requested image size: 1280x1742 (min 1x1 < cur -1x-1 < max 32768x32768)
[   0.448][d][vo/gpu-next/libplacebo] (Re)creating swapchain of size 1280x1742
[   0.448][v][cplayer] playback restart complete @ 0.000000, audio=eof, video=playing
[   0.483][v][vo/gpu-next] Window size: 1280x1742 (Borders: l=0 t=0 r=0 b=0)
[   0.483][v][vo/gpu-next] Video source: 1280x720 (1:1)
[   0.483][v][vo/gpu-next] Video display: (0, 0) 1280x720 -> (0, 511) 1280x720
[   0.483][v][vo/gpu-next] Video scale: 1.000000/1.000000
[   0.483][v][vo/gpu-next] OSD borders: l=0 t=511 r=0 b=511
[   0.483][v][vo/gpu-next] Video borders: l=0 t=511 r=0 b=511
[   0.483][v][vo/gpu-next] Assuming 120.001000 FPS for display sync.
[   0.484][d][vo/gpu-next/libplacebo] (Re)creating 1280x720x0 texture with format rgba16hf: src/renderer.c:3863
[   0.484][d][vo/gpu-next/libplacebo] Allocating 7864320 memory of type 0x1 (id 0) in heap 0: ../src/utils/upload.c:239
[   0.484][d][vo/gpu-next/libplacebo] Memory types supported by device:
[   0.484][d][vo/gpu-next/libplacebo]     0: flags 0x1 heap 0
[   0.484][d][vo/gpu-next/libplacebo]     1: flags 0x1 heap 0
[   0.484][d][vo/gpu-next/libplacebo]     2: flags 0x6 heap 1
[   0.484][d][vo/gpu-next/libplacebo]     3: flags 0x7 heap 2
[   0.484][d][vo/gpu-next/libplacebo]     4: flags 0x7 heap 2
[   0.484][d][vo/gpu-next/libplacebo]     5: flags 0xe heap 1
[   0.484][d][vo/gpu-next/libplacebo]     6: flags 0xe heap 1
[   0.484][d][vo/gpu-next/libplacebo]     7: flags 0xc1 heap 0
[   0.484][d][vo/gpu-next/libplacebo]     8: flags 0xc6 heap 1
[   0.484][d][vo/gpu-next/libplacebo]     9: flags 0xc7 heap 2
[   0.484][d][vo/gpu-next/libplacebo]     10: flags 0xce heap 1
[   0.484][d][vo/gpu-next/libplacebo] Spent 0.079 ms allocating slab
[   0.484][d][vo/gpu-next/libplacebo] vertex shader source:
[   0.484][d][vo/gpu-next/libplacebo] [  1] #version 450
[   0.484][d][vo/gpu-next/libplacebo] [  2] #extension GL_KHR_shader_subgroup_basic : enable 
[   0.484][d][vo/gpu-next/libplacebo] [  3] #extension GL_KHR_shader_subgroup_vote : enable 
[   0.484][d][vo/gpu-next/libplacebo] [  4] #extension GL_KHR_shader_subgroup_arithmetic : enable 
[   0.484][d][vo/gpu-next/libplacebo] [  5] #extension GL_KHR_shader_subgroup_ballot : enable 
[   0.484][d][vo/gpu-next/libplacebo] [  6] #extension GL_KHR_shader_subgroup_shuffle : enable 
[   0.484][d][vo/gpu-next/libplacebo] [  7] #extension GL_KHR_shader_subgroup_clustered : enable 
[   0.484][d][vo/gpu-next/libplacebo] [  8] #extension GL_KHR_shader_subgroup_quad : enable 
[   0.484][d][vo/gpu-next/libplacebo] [  9] #extension GL_ARB_texture_gather : enable
[   0.484][d][vo/gpu-next/libplacebo] [ 10] layout(std430, push_constant) uniform PushC {
[   0.484][d][vo/gpu-next/libplacebo] [ 11]     layout(offset=0) vec2 _2004;
[   0.484][d][vo/gpu-next/libplacebo] [ 12]     layout(offset=16) vec3 _4007;
[   0.484][d][vo/gpu-next/libplacebo] [ 13]     layout(offset=32) mat3 _4006;
[   0.484][d][vo/gpu-next/libplacebo] [ 14] };
[   0.484][d][vo/gpu-next/libplacebo] [ 15] layout(constant_id=0) const float _4002 = 1; 
[   0.484][d][vo/gpu-next/libplacebo] [ 16] layout(constant_id=1) const float _4003 = 1; 
[   0.484][d][vo/gpu-next/libplacebo] [ 17] layout(constant_id=2) const float _c004 = 1; 
[   0.484][d][vo/gpu-next/libplacebo] [ 18] layout(constant_id=3) const float _4004 = 1; 
[   0.484][d][vo/gpu-next/libplacebo] [ 19] layout(constant_id=4) const float _2008 = 1; 
[   0.484][d][vo/gpu-next/libplacebo] [ 20] layout(constant_id=5) const float _2009 = 1; 
[   0.484][d][vo/gpu-next/libplacebo] [ 21] layout(constant_id=6) const float _200b = 1; 
[   0.484][d][vo/gpu-next/libplacebo] [ 22] layout(constant_id=7) const float _200c = 1; 
[   0.484][d][vo/gpu-next/libplacebo] [ 23] layout(constant_id=8) const uint _200d = 1; 
[   0.484][d][vo/gpu-next/libplacebo] [ 24] layout(constant_id=9) const float _200e = 1; 
[   0.484][d][vo/gpu-next/libplacebo] [ 25] layout(constant_id=10) const float _200f = 1; 
[   0.484][d][vo/gpu-next/libplacebo] [ 26] layout(constant_id=11) const float _4005 = 1; 
[   0.484][d][vo/gpu-next/libplacebo] [ 27] layout(binding=0) uniform  sampler2D _c002;
[   0.484][d][vo/gpu-next/libplacebo] [ 28] layout(binding=1) uniform  sampler2D _2002;
[   0.484][d][vo/gpu-next/libplacebo] [ 29] layout(binding=2) uniform  sampler2D _2006;
[   0.484][d][vo/gpu-next/libplacebo] [ 30] layout(location=0) in vec2 _400a;
[   0.484][d][vo/gpu-next/libplacebo] [ 31] layout(location=0) out vec2 _c003;
[   0.484][d][vo/gpu-next/libplacebo] [ 32] layout(location=1) in vec2 _400b;
[   0.484][d][vo/gpu-next/libplacebo] [ 33] layout(location=1) out vec2 _2003;
[   0.484][d][vo/gpu-next/libplacebo] [ 34] layout(location=2) in vec2 _400c;
[   0.484][d][vo/gpu-next/libplacebo] [ 35] void main() {
[   0.484][d][vo/gpu-next/libplacebo] [ 36] _c003 = _400a;
[   0.484][d][vo/gpu-next/libplacebo] [ 37] _2003 = _400b;
[   0.484][d][vo/gpu-next/libplacebo] [ 38] vec2 va_pos = _400c; 
[   0.484][d][vo/gpu-next/libplacebo] [ 39] gl_Position = vec4(va_pos, 0.0, 1.0); 
[   0.484][d][vo/gpu-next/libplacebo] [ 40] }
[   0.484][d][vo/gpu-next/libplacebo] fragment shader source:
[   0.484][d][vo/gpu-next/libplacebo] [  1] #version 450
[   0.484][d][vo/gpu-next/libplacebo] [  2] #extension GL_KHR_shader_subgroup_basic : enable 
[   0.484][d][vo/gpu-next/libplacebo] [  3] #extension GL_KHR_shader_subgroup_vote : enable 
[   0.484][d][vo/gpu-next/libplacebo] [  4] #extension GL_KHR_shader_subgroup_arithmetic : enable 
[   0.484][d][vo/gpu-next/libplacebo] [  5] #extension GL_KHR_shader_subgroup_ballot : enable 
[   0.484][d][vo/gpu-next/libplacebo] [  6] #extension GL_KHR_shader_subgroup_shuffle : enable 
[   0.484][d][vo/gpu-next/libplacebo] [  7] #extension GL_KHR_shader_subgroup_clustered : enable 
[   0.484][d][vo/gpu-next/libplacebo] [  8] #extension GL_KHR_shader_subgroup_quad : enable 
[   0.485][d][vo/gpu-next/libplacebo] [  9] #extension GL_ARB_texture_gather : enable
[   0.485][d][vo/gpu-next/libplacebo] [ 10] layout(std430, push_constant) uniform PushC {
[   0.485][d][vo/gpu-next/libplacebo] [ 11]     layout(offset=0) vec2 _2004;
[   0.485][d][vo/gpu-next/libplacebo] [ 12]     layout(offset=16) vec3 _4007;
[   0.485][d][vo/gpu-next/libplacebo] [ 13]     layout(offset=32) mat3 _4006;
[   0.485][d][vo/gpu-next/libplacebo] [ 14] };
[   0.485][d][vo/gpu-next/libplacebo] [ 15] layout(constant_id=0) const float _4002 = 1; 
[   0.485][d][vo/gpu-next/libplacebo] [ 16] layout(constant_id=1) const float _4003 = 1; 
[   0.485][d][vo/gpu-next/libplacebo] [ 17] layout(constant_id=2) const float _c004 = 1; 
[   0.485][d][vo/gpu-next/libplacebo] [ 18] layout(constant_id=3) const float _4004 = 1; 
[   0.485][d][vo/gpu-next/libplacebo] [ 19] layout(constant_id=4) const float _2008 = 1; 
[   0.485][d][vo/gpu-next/libplacebo] [ 20] layout(constant_id=5) const float _2009 = 1; 
[   0.485][d][vo/gpu-next/libplacebo] [ 21] layout(constant_id=6) const float _200b = 1; 
[   0.485][d][vo/gpu-next/libplacebo] [ 22] layout(constant_id=7) const float _200c = 1; 
[   0.485][d][vo/gpu-next/libplacebo] [ 23] layout(constant_id=8) const uint _200d = 1; 
[   0.485][d][vo/gpu-next/libplacebo] [ 24] layout(constant_id=9) const float _200e = 1; 
[   0.485][d][vo/gpu-next/libplacebo] [ 25] layout(constant_id=10) const float _200f = 1; 
[   0.485][d][vo/gpu-next/libplacebo] [ 26] layout(constant_id=11) const float _4005 = 1; 
[   0.485][d][vo/gpu-next/libplacebo] [ 27] layout(binding=0) uniform  sampler2D _c002;
[   0.485][d][vo/gpu-next/libplacebo] [ 28] layout(binding=1) uniform  sampler2D _2002;
[   0.485][d][vo/gpu-next/libplacebo] [ 29] layout(binding=2) uniform  sampler2D _2006;
[   0.485][d][vo/gpu-next/libplacebo] [ 30] layout(location=0) in vec2 _c003;
[   0.485][d][vo/gpu-next/libplacebo] [ 31] layout(location=1) in vec2 _2003;
[   0.485][d][vo/gpu-next/libplacebo] [ 32] layout(location=0) out vec4 out_color;
[   0.485][d][vo/gpu-next/libplacebo] [ 33] 
[   0.485][d][vo/gpu-next/libplacebo] [ 34] vec4 _c001() {
[   0.485][d][vo/gpu-next/libplacebo] [ 35] // pl_shader_sample_direct                                  
[   0.485][d][vo/gpu-next/libplacebo] [ 36] vec4 color = vec4(_c004) * vec4(textureLod(_c002, _c003, 0.0));   
[   0.485][d][vo/gpu-next/libplacebo] [ 37] return color;
[   0.485][d][vo/gpu-next/libplacebo] [ 38] }
[   0.485][d][vo/gpu-next/libplacebo] [ 39] 
[   0.485][d][vo/gpu-next/libplacebo] [ 40] #define _2007(x) (_2009 * (x) + _2008) 
[   0.485][d][vo/gpu-next/libplacebo] [ 41] #define _200a(x) (_200c * (x) + _200b) 
[   0.485][d][vo/gpu-next/libplacebo] [ 42] #define _2005(pos) (textureLod(_2006, vec2(\
[   0.485][d][vo/gpu-next/libplacebo] [ 43]     _2007(vec2(pos).x)\
[   0.485][d][vo/gpu-next/libplacebo] [ 44]    ,_200a(vec2(pos).y)\
[   0.485][d][vo/gpu-next/libplacebo] [ 45]   ), 0.0).xyzw)
[   0.485][d][vo/gpu-next/libplacebo] [ 46] vec4 _2001() {
[   0.485][d][vo/gpu-next/libplacebo] [ 47] 
[   0.485][d][vo/gpu-next/libplacebo] [ 48] vec4 color = vec4(0.0, 0.0, 0.0, 1.0);
[   0.485][d][vo/gpu-next/libplacebo] [ 49] {
[   0.485][d][vo/gpu-next/libplacebo] [ 50] vec2 pos = _2003, pt = _2004;
[   0.485][d][vo/gpu-next/libplacebo] [ 51] vec2 size = vec2(textureSize(_2002, 0));
[   0.485][d][vo/gpu-next/libplacebo] [ 52] vec2 dir = vec2(float(1), float(0));
[   0.485][d][vo/gpu-next/libplacebo] [ 53] pt *= dir;
[   0.485][d][vo/gpu-next/libplacebo] [ 54] vec2 fcoord2 = fract(pos * size - vec2(0.5));
[   0.485][d][vo/gpu-next/libplacebo] [ 55] float fcoord = dot(fcoord2, dir);
[   0.485][d][vo/gpu-next/libplacebo] [ 56] vec2 base = pos - fcoord * pt - pt * vec2(float(2));
[   0.485][d][vo/gpu-next/libplacebo] [ 57] vec4 ws;
[   0.485][d][vo/gpu-next/libplacebo] [ 58] float off;
[   0.485][d][vo/gpu-next/libplacebo] [ 59] vec2 c, ca = vec2(0.0);
[   0.485][d][vo/gpu-next/libplacebo] [ 60] #pragma unroll 4
[   0.485][d][vo/gpu-next/libplacebo] [ 61] for (uint n = 0u; n < _200d; n += uint(1)) {
[   0.485][d][vo/gpu-next/libplacebo] [ 62] if (n % 4u == 0u)
[   0.485][d][vo/gpu-next/libplacebo] [ 63] ws = _2005(vec2(float(n / 4u) / float(1), fcoord));
[   0.485][d][vo/gpu-next/libplacebo] [ 64] off = float(n);
[   0.485][d][vo/gpu-next/libplacebo] [ 65] c = textureLod(_2002, base + pt * off, 0.0).rg;
[   0.485][d][vo/gpu-next/libplacebo] [ 66] ca += ws[n % 4u] * c;
[   0.485][d][vo/gpu-next/libplacebo] [ 67] }
[   0.485][d][vo/gpu-next/libplacebo] [ 68] color.rg = _200f * ca;
[   0.485][d][vo/gpu-next/libplacebo] [ 69] }
[   0.485][d][vo/gpu-next/libplacebo] [ 70] return color;
[   0.485][d][vo/gpu-next/libplacebo] [ 71] }
[   0.485][d][vo/gpu-next/libplacebo] [ 72] 
[   0.485][d][vo/gpu-next/libplacebo] [ 73] vec4 _4001() {
[   0.485][d][vo/gpu-next/libplacebo] [ 74] vec4 color = vec4(_4003, vec2(_4002), 1.0);   
[   0.485][d][vo/gpu-next/libplacebo] [ 75] // pass_read_image                        
[   0.485][d][vo/gpu-next/libplacebo] [ 76] {                                         
[   0.485][d][vo/gpu-next/libplacebo] [ 77] vec4 tmp;                                 
[   0.485][d][vo/gpu-next/libplacebo] [ 78] tmp = vec4(_4004) * _c001(); 
[   0.485][d][vo/gpu-next/libplacebo] [ 79] color[0] = tmp[0];
[   0.485][d][vo/gpu-next/libplacebo] [ 80] tmp = vec4(_4005) * _2001(); 
[   0.485][d][vo/gpu-next/libplacebo] [ 81] color[1] = tmp[0];
[   0.485][d][vo/gpu-next/libplacebo] [ 82] color[2] = tmp[1];
[   0.485][d][vo/gpu-next/libplacebo] [ 83] }
[   0.485][d][vo/gpu-next/libplacebo] [ 84] // pl_shader_decode_color 
[   0.485][d][vo/gpu-next/libplacebo] [ 85] { 
[   0.485][d][vo/gpu-next/libplacebo] [ 86] color.rgb = _4006 * color.rgb + _4007; 
[   0.485][d][vo/gpu-next/libplacebo] [ 87] }
[   0.485][d][vo/gpu-next/libplacebo] [ 88] return color;
[   0.485][d][vo/gpu-next/libplacebo] [ 89] }
[   0.485][d][vo/gpu-next/libplacebo] [ 90] 
[   0.485][d][vo/gpu-next/libplacebo] [ 91] void main() {
[   0.485][d][vo/gpu-next/libplacebo] [ 92] out_color = _4001();
[   0.485][d][vo/gpu-next/libplacebo] [ 93] }
[   0.485][d][vo/gpu-next/libplacebo] Specialization constant values:
[   0.485][d][vo/gpu-next/libplacebo]   constant_id=0: 0.501961
[   0.485][d][vo/gpu-next/libplacebo]   constant_id=1: 0.062745
[   0.485][d][vo/gpu-next/libplacebo]   constant_id=2: 1.000000
[   0.485][d][vo/gpu-next/libplacebo]   constant_id=3: 1.000000
[   0.485][d][vo/gpu-next/libplacebo]   constant_id=4: 0.250000
[   0.485][d][vo/gpu-next/libplacebo]   constant_id=5: 0.500000
[   0.485][d][vo/gpu-next/libplacebo]   constant_id=6: 0.001953
[   0.485][d][vo/gpu-next/libplacebo]   constant_id=7: 0.996094
[   0.485][d][vo/gpu-next/libplacebo]   constant_id=8: 6
[   0.485][d][vo/gpu-next/libplacebo]   constant_id=9: 0.000000
[   0.485][d][vo/gpu-next/libplacebo]   constant_id=10: 1.000000
[   0.485][d][vo/gpu-next/libplacebo]   constant_id=11: 1.000000
[   0.487][d][vo/gpu-next/libplacebo] shaderc compile status 'success' (0 errors, 0 warnings)
[   0.487][d][vo/gpu-next/libplacebo] Spent 2.647 ms translating SPIR-V
[   0.494][d][vo/gpu-next/libplacebo] shaderc compile status 'success' (0 errors, 0 warnings)
[   0.494][d][vo/gpu-next/libplacebo] Spent 6.531 ms translating SPIR-V
[   0.494][d][vo/gpu-next/libplacebo] Spent 0.018 ms compiling shader
[   0.494][d][vo/gpu-next/libplacebo] Spent 0.173 ms creating pipeline
[   0.494][d][vo/gpu-next/libplacebo] Pass statistics: size 0, SPIR-V: vert 0 frag 0 comp 0
[   0.494][d][vo/gpu-next/libplacebo] vertex shader source:
[   0.494][d][vo/gpu-next/libplacebo] [  1] #version 450
[   0.494][d][vo/gpu-next/libplacebo] [  2] #extension GL_KHR_shader_subgroup_basic : enable 
[   0.494][d][vo/gpu-next/libplacebo] [  3] #extension GL_KHR_shader_subgroup_vote : enable 
[   0.494][d][vo/gpu-next/libplacebo] [  4] #extension GL_KHR_shader_subgroup_arithmetic : enable 
[   0.494][d][vo/gpu-next/libplacebo] [  5] #extension GL_KHR_shader_subgroup_ballot : enable 
[   0.494][d][vo/gpu-next/libplacebo] [  6] #extension GL_KHR_shader_subgroup_shuffle : enable 
[   0.495][d][vo/gpu-next/libplacebo] [  7] #extension GL_KHR_shader_subgroup_clustered : enable 
[   0.495][d][vo/gpu-next/libplacebo] [  8] #extension GL_KHR_shader_subgroup_quad : enable 
[   0.495][d][vo/gpu-next/libplacebo] [  9] #extension GL_ARB_texture_gather : enable
[   0.495][d][vo/gpu-next/libplacebo] [ 10] layout(std430, push_constant) uniform PushC {
[   0.495][d][vo/gpu-next/libplacebo] [ 11]     layout(offset=0) float _4;
[   0.495][d][vo/gpu-next/libplacebo] [ 12] };
[   0.495][d][vo/gpu-next/libplacebo] [ 13] layout(constant_id=0) const float _7 = 1; 
[   0.495][d][vo/gpu-next/libplacebo] [ 14] layout(constant_id=1) const float _8 = 1; 
[   0.495][d][vo/gpu-next/libplacebo] [ 15] layout(constant_id=2) const float _9 = 1; 
[   0.495][d][vo/gpu-next/libplacebo] [ 16] layout(binding=0) uniform  sampler2D _2;
[   0.495][d][vo/gpu-next/libplacebo] [ 17] layout(binding=1) uniform  sampler2D _6;
[   0.495][d][vo/gpu-next/libplacebo] [ 18] layout(location=0) in vec2 _d;
[   0.495][d][vo/gpu-next/libplacebo] [ 19] layout(location=0) out vec2 _3;
[   0.495][d][vo/gpu-next/libplacebo] [ 20] layout(location=1) in vec2 _e;
[   0.495][d][vo/gpu-next/libplacebo] [ 21] void main() {
[   0.495][d][vo/gpu-next/libplacebo] [ 22] _3 = _d;
[   0.495][d][vo/gpu-next/libplacebo] [ 23] vec2 va_pos = _e; 
[   0.495][d][vo/gpu-next/libplacebo] [ 24] gl_Position = vec4(va_pos, 0.0, 1.0); 
[   0.495][d][vo/gpu-next/libplacebo] [ 25] }
[   0.495][d][vo/gpu-next/libplacebo] fragment shader source:
[   0.495][d][vo/gpu-next/libplacebo] [  1] #version 450
[   0.495][d][vo/gpu-next/libplacebo] [  2] #extension GL_KHR_shader_subgroup_basic : enable 
[   0.495][d][vo/gpu-next/libplacebo] [  3] #extension GL_KHR_shader_subgroup_vote : enable 
[   0.495][d][vo/gpu-next/libplacebo] [  4] #extension GL_KHR_shader_subgroup_arithmetic : enable 
[   0.495][d][vo/gpu-next/libplacebo] [  5] #extension GL_KHR_shader_subgroup_ballot : enable 
[   0.495][d][vo/gpu-next/libplacebo] [  6] #extension GL_KHR_shader_subgroup_shuffle : enable 
[   0.495][d][vo/gpu-next/libplacebo] [  7] #extension GL_KHR_shader_subgroup_clustered : enable 
[   0.495][d][vo/gpu-next/libplacebo] [  8] #extension GL_KHR_shader_subgroup_quad : enable 
[   0.495][d][vo/gpu-next/libplacebo] [  9] #extension GL_ARB_texture_gather : enable
[   0.495][d][vo/gpu-next/libplacebo] [ 10] layout(std430, push_constant) uniform PushC {
[   0.495][d][vo/gpu-next/libplacebo] [ 11]     layout(offset=0) float _4;
[   0.495][d][vo/gpu-next/libplacebo] [ 12] };
[   0.495][d][vo/gpu-next/libplacebo] [ 13] layout(constant_id=0) const float _7 = 1; 
[   0.495][d][vo/gpu-next/libplacebo] [ 14] layout(constant_id=1) const float _8 = 1; 
[   0.495][d][vo/gpu-next/libplacebo] [ 15] layout(constant_id=2) const float _9 = 1; 
[   0.495][d][vo/gpu-next/libplacebo] [ 16] layout(binding=0) uniform  sampler2D _2;
[   0.495][d][vo/gpu-next/libplacebo] [ 17] layout(binding=1) uniform  sampler2D _6;
[   0.495][d][vo/gpu-next/libplacebo] [ 18] layout(location=0) in vec2 _3;
[   0.495][d][vo/gpu-next/libplacebo] [ 19] layout(location=0) out vec4 out_color;
[   0.495][d][vo/gpu-next/libplacebo] [ 20] 
[   0.495][d][vo/gpu-next/libplacebo] [ 21] #define _5(pos) (texelFetch(_6, ivec2(pos), 0).x)
[   0.495][d][vo/gpu-next/libplacebo] [ 22] vec4 _1() {
[   0.495][d][vo/gpu-next/libplacebo] [ 23] vec4 color;                   
[   0.495][d][vo/gpu-next/libplacebo] [ 24] // pl_render_image_mix        
[   0.495][d][vo/gpu-next/libplacebo] [ 25] {                             
[   0.495][d][vo/gpu-next/libplacebo] [ 26] vec4 mix_color = vec4(0.0);   
[   0.495][d][vo/gpu-next/libplacebo] [ 27] color = textureLod(_2, _3, 0.0); 
[   0.495][d][vo/gpu-next/libplacebo] [ 28] mix_color += vec4(_4) * color; 
[   0.495][d][vo/gpu-next/libplacebo] [ 29] color = mix_color; 
[   0.495][d][vo/gpu-next/libplacebo] [ 30] }                  
[   0.495][d][vo/gpu-next/libplacebo] [ 31] // pl_shader_encode_color 
[   0.495][d][vo/gpu-next/libplacebo] [ 32] { 
[   0.495][d][vo/gpu-next/libplacebo] [ 33] }
[   0.495][d][vo/gpu-next/libplacebo] [ 34] // pl_shader_dither 
[   0.495][d][vo/gpu-next/libplacebo] [ 35] {                    
[   0.495][d][vo/gpu-next/libplacebo] [ 36] float bias;          
[   0.495][d][vo/gpu-next/libplacebo] [ 37] vec2 pos = fract(gl_FragCoord.xy * 1.0/_7); 
[   0.495][d][vo/gpu-next/libplacebo] [ 38] bias = _5(ivec2(pos * _8));
[   0.495][d][vo/gpu-next/libplacebo] [ 39] const float scale = 255.0; 
[   0.495][d][vo/gpu-next/libplacebo] [ 40] color = scale * color + vec4(bias);   
[   0.495][d][vo/gpu-next/libplacebo] [ 41] color = floor(color) * (1.0 / scale); 
[   0.495][d][vo/gpu-next/libplacebo] [ 42] } 
[   0.495][d][vo/gpu-next/libplacebo] [ 43] color.rgba *= vec4(1.0 / _9); 
[   0.495][d][vo/gpu-next/libplacebo] [ 44] vec4 _a = color;                 
[   0.495][d][vo/gpu-next/libplacebo] [ 45] color = vec4(0.0, 0.0, 0.0, 1.0); 
[   0.495][d][vo/gpu-next/libplacebo] [ 46] color[0] = _a[0]; 
[   0.495][d][vo/gpu-next/libplacebo] [ 47] color[1] = _a[1]; 
[   0.495][d][vo/gpu-next/libplacebo] [ 48] color[2] = _a[2]; 
[   0.495][d][vo/gpu-next/libplacebo] [ 49] color[3] = _a[3]; 
[   0.495][d][vo/gpu-next/libplacebo] [ 50] return color;
[   0.495][d][vo/gpu-next/libplacebo] [ 51] }
[   0.495][d][vo/gpu-next/libplacebo] [ 52] 
[   0.495][d][vo/gpu-next/libplacebo] [ 53] void main() {
[   0.495][d][vo/gpu-next/libplacebo] [ 54] out_color = _1();
[   0.495][d][vo/gpu-next/libplacebo] [ 55] }
[   0.495][d][vo/gpu-next/libplacebo] Specialization constant values:
[   0.495][d][vo/gpu-next/libplacebo]   constant_id=0: 64.000000
[   0.495][d][vo/gpu-next/libplacebo]   constant_id=1: 64.000000
[   0.495][d][vo/gpu-next/libplacebo]   constant_id=2: 1.000000
[   0.497][d][vo/gpu-next/libplacebo] shaderc compile status 'success' (0 errors, 0 warnings)
[   0.497][d][vo/gpu-next/libplacebo] Spent 2.095 ms translating SPIR-V
[   0.500][d][vo/gpu-next/libplacebo] shaderc compile status 'success' (0 errors, 0 warnings)
[   0.500][d][vo/gpu-next/libplacebo] Spent 3.172 ms translating SPIR-V
[   0.500][d][vo/gpu-next/libplacebo] Spent 0.008 ms compiling shader
[   0.500][d][vo/gpu-next/libplacebo] Spent 0.088 ms creating pipeline
[   0.500][d][vo/gpu-next/libplacebo] Pass statistics: size 0, SPIR-V: vert 0 frag 0 comp 0
[   0.510][v][vo/gpu-next/wayland] Enabling idle inhibitor
[   0.510][v][vo/gpu-next/wayland] Read 747 bytes from the data offer fd
[   0.510][d][cplayer] Run command: notify-property, flags=73, args=[property="clipboard"]
[   0.510][d][vd] Allocating new (host-cached) DR image...
[   0.510][v][vo/gpu-next/libplacebo] Detected fps ratio 0.0000 below threshold 0.0100, disabling interpolation
[   0.510][d][vo/gpu-next/libplacebo] (Re)creating 1280x720x0 texture with format r8: ../src/utils/upload.c:239
[   0.510][d][vo/gpu-next/libplacebo] Allocating 1966080 memory of type 0x1 (id 0) in heap 0: ../src/utils/upload.c:239
[   0.510][d][vo/gpu-next/libplacebo] Memory types supported by device:
[   0.510][d][vo/gpu-next/libplacebo]     0: flags 0x1 heap 0
[   0.510][d][vo/gpu-next/libplacebo]     1: flags 0x1 heap 0
[   0.510][d][vo/gpu-next/libplacebo]     2: flags 0x6 heap 1
[   0.510][d][vo/gpu-next/libplacebo]     3: flags 0x7 heap 2
[   0.510][d][vo/gpu-next/libplacebo]     4: flags 0x7 heap 2
[   0.510][d][vo/gpu-next/libplacebo]     5: flags 0xe heap 1
[   0.510][d][vo/gpu-next/libplacebo]     6: flags 0xe heap 1
[   0.510][d][vo/gpu-next/libplacebo]     7: flags 0xc1 heap 0
[   0.510][d][vo/gpu-next/libplacebo]     8: flags 0xc6 heap 1
[   0.510][d][vo/gpu-next/libplacebo]     9: flags 0xc7 heap 2
[   0.510][d][vo/gpu-next/libplacebo]     10: flags 0xce heap 1
[   0.510][d][vo/gpu-next/libplacebo] Spent 0.084 ms allocating slab
[   0.510][d][vo/gpu-next/libplacebo] (Re)creating 640x360x0 texture with format r8: ../src/utils/upload.c:239
[   0.511][d][vo/gpu-next/libplacebo] (Re)creating 640x360x0 texture with format r8: ../src/utils/upload.c:239
[   0.511][d][vo/gpu-next/libplacebo] Allocating 983040 memory of type 0x1 (id 0) in heap 0: ../src/utils/upload.c:239
[   0.511][d][vo/gpu-next/libplacebo] Memory types supported by device:
[   0.511][d][vo/gpu-next/libplacebo]     0: flags 0x1 heap 0
[   0.511][d][vo/gpu-next/libplacebo]     1: flags 0x1 heap 0
[   0.511][d][vo/gpu-next/libplacebo]     2: flags 0x6 heap 1
[   0.511][d][vo/gpu-next/libplacebo]     3: flags 0x7 heap 2
[   0.511][d][vo/gpu-next/libplacebo]     4: flags 0x7 heap 2
[   0.511][d][vo/gpu-next/libplacebo]     5: flags 0xe heap 1
[   0.511][d][vo/gpu-next/libplacebo]     6: flags 0xe heap 1
[   0.511][d][vo/gpu-next/libplacebo]     7: flags 0xc1 heap 0
[   0.511][d][vo/gpu-next/libplacebo]     8: flags 0xc6 heap 1
[   0.511][d][vo/gpu-next/libplacebo]     9: flags 0xc7 heap 2
[   0.511][d][vo/gpu-next/libplacebo]     10: flags 0xce heap 1
[   0.511][d][vo/gpu-next/libplacebo] Spent 0.031 ms allocating slab
[   0.511][d][vo/gpu-next/libplacebo] vertex shader source:
[   0.511][d][vo/gpu-next/libplacebo] [  1] #version 450
[   0.511][d][vo/gpu-next/libplacebo] [  2] #extension GL_KHR_shader_subgroup_basic : enable 
[   0.511][d][vo/gpu-next/libplacebo] [  3] #extension GL_KHR_shader_subgroup_vote : enable 
[   0.511][d][vo/gpu-next/libplacebo] [  4] #extension GL_KHR_shader_subgroup_arithmetic : enable 
[   0.511][d][vo/gpu-next/libplacebo] [  5] #extension GL_KHR_shader_subgroup_ballot : enable 
[   0.511][d][vo/gpu-next/libplacebo] [  6] #extension GL_KHR_shader_subgroup_shuffle : enable 
[   0.511][d][vo/gpu-next/libplacebo] [  7] #extension GL_KHR_shader_subgroup_clustered : enable 
[   0.511][d][vo/gpu-next/libplacebo] [  8] #extension GL_KHR_shader_subgroup_quad : enable 
[   0.511][d][vo/gpu-next/libplacebo] [  9] #extension GL_ARB_texture_gather : enable
[   0.511][d][vo/gpu-next/libplacebo] [ 10] layout(std430, push_constant) uniform PushC {
[   0.511][d][vo/gpu-next/libplacebo] [ 11]     layout(offset=0) vec2 _2004;
[   0.511][d][vo/gpu-next/libplacebo] [ 12]     layout(offset=16) vec3 _4007;
[   0.511][d][vo/gpu-next/libplacebo] [ 13]     layout(offset=32) mat3 _4006;
[   0.511][d][vo/gpu-next/libplacebo] [ 14] };
[   0.511][d][vo/gpu-next/libplacebo] [ 15] layout(constant_id=0) const float _4002 = 1; 
[   0.511][d][vo/gpu-next/libplacebo] [ 16] layout(constant_id=1) const float _4003 = 1; 
[   0.511][d][vo/gpu-next/libplacebo] [ 17] layout(constant_id=2) const float _c004 = 1; 
[   0.511][d][vo/gpu-next/libplacebo] [ 18] layout(constant_id=3) const float _4004 = 1; 
[   0.511][d][vo/gpu-next/libplacebo] [ 19] layout(constant_id=4) const float _2008 = 1; 
[   0.511][d][vo/gpu-next/libplacebo] [ 20] layout(constant_id=5) const float _2009 = 1; 
[   0.511][d][vo/gpu-next/libplacebo] [ 21] layout(constant_id=6) const float _200b = 1; 
[   0.511][d][vo/gpu-next/libplacebo] [ 22] layout(constant_id=7) const float _200c = 1; 
[   0.511][d][vo/gpu-next/libplacebo] [ 23] layout(constant_id=8) const uint _200d = 1; 
[   0.511][d][vo/gpu-next/libplacebo] [ 24] layout(constant_id=9) const float _200e = 1; 
[   0.511][d][vo/gpu-next/libplacebo] [ 25] layout(constant_id=10) const float _200f = 1; 
[   0.511][d][vo/gpu-next/libplacebo] [ 26] layout(constant_id=11) const float _4005 = 1; 
[   0.511][d][vo/gpu-next/libplacebo] [ 27] layout(constant_id=12) const float _400a = 1; 
[   0.511][d][vo/gpu-next/libplacebo] [ 28] layout(constant_id=13) const float _400b = 1; 
[   0.511][d][vo/gpu-next/libplacebo] [ 29] layout(constant_id=14) const float _400c = 1; 
[   0.511][d][vo/gpu-next/libplacebo] [ 30] layout(binding=0) uniform  sampler2D _c002;
[   0.511][d][vo/gpu-next/libplacebo] [ 31] layout(binding=1) uniform  sampler2D _2002;
[   0.511][d][vo/gpu-next/libplacebo] [ 32] layout(binding=2) uniform  sampler2D _2006;
[   0.511][d][vo/gpu-next/libplacebo] [ 33] layout(binding=3) uniform  sampler2D _4009;
[   0.511][d][vo/gpu-next/libplacebo] [ 34] layout(location=0) in vec2 _4010;
[   0.511][d][vo/gpu-next/libplacebo] [ 35] layout(location=0) out vec2 _c003;
[   0.511][d][vo/gpu-next/libplacebo] [ 36] layout(location=1) in vec2 _4011;
[   0.511][d][vo/gpu-next/libplacebo] [ 37] layout(location=1) out vec2 _2003;
[   0.511][d][vo/gpu-next/libplacebo] [ 38] layout(location=2) in vec2 _4012;
[   0.511][d][vo/gpu-next/libplacebo] [ 39] void main() {
[   0.511][d][vo/gpu-next/libplacebo] [ 40] _c003 = _4010;
[   0.511][d][vo/gpu-next/libplacebo] [ 41] _2003 = _4011;
[   0.511][d][vo/gpu-next/libplacebo] [ 42] vec2 va_pos = _4012; 
[   0.511][d][vo/gpu-next/libplacebo] [ 43] gl_Position = vec4(va_pos, 0.0, 1.0); 
[   0.511][d][vo/gpu-next/libplacebo] [ 44] }
[   0.511][d][vo/gpu-next/libplacebo] fragment shader source:
[   0.511][d][vo/gpu-next/libplacebo] [  1] #version 450
[   0.511][d][vo/gpu-next/libplacebo] [  2] #extension GL_KHR_shader_subgroup_basic : enable 
[   0.511][d][vo/gpu-next/libplacebo] [  3] #extension GL_KHR_shader_subgroup_vote : enable 
[   0.511][d][vo/gpu-next/libplacebo] [  4] #extension GL_KHR_shader_subgroup_arithmetic : enable 
[   0.511][d][vo/gpu-next/libplacebo] [  5] #extension GL_KHR_shader_subgroup_ballot : enable 
[   0.511][d][vo/gpu-next/libplacebo] [  6] #extension GL_KHR_shader_subgroup_shuffle : enable 
[   0.511][d][vo/gpu-next/libplacebo] [  7] #extension GL_KHR_shader_subgroup_clustered : enable 
[   0.511][d][vo/gpu-next/libplacebo] [  8] #extension GL_KHR_shader_subgroup_quad : enable 
[   0.511][d][vo/gpu-next/libplacebo] [  9] #extension GL_ARB_texture_gather : enable
[   0.511][d][vo/gpu-next/libplacebo] [ 10] layout(std430, push_constant) uniform PushC {
[   0.511][d][vo/gpu-next/libplacebo] [ 11]     layout(offset=0) vec2 _2004;
[   0.511][d][vo/gpu-next/libplacebo] [ 12]     layout(offset=16) vec3 _4007;
[   0.511][d][vo/gpu-next/libplacebo] [ 13]     layout(offset=32) mat3 _4006;
[   0.511][d][vo/gpu-next/libplacebo] [ 14] };
[   0.511][d][vo/gpu-next/libplacebo] [ 15] layout(constant_id=0) const float _4002 = 1; 
[   0.511][d][vo/gpu-next/libplacebo] [ 16] layout(constant_id=1) const float _4003 = 1; 
[   0.511][d][vo/gpu-next/libplacebo] [ 17] layout(constant_id=2) const float _c004 = 1; 
[   0.511][d][vo/gpu-next/libplacebo] [ 18] layout(constant_id=3) const float _4004 = 1; 
[   0.511][d][vo/gpu-next/libplacebo] [ 19] layout(constant_id=4) const float _2008 = 1; 
[   0.511][d][vo/gpu-next/libplacebo] [ 20] layout(constant_id=5) const float _2009 = 1; 
[   0.511][d][vo/gpu-next/libplacebo] [ 21] layout(constant_id=6) const float _200b = 1; 
[   0.511][d][vo/gpu-next/libplacebo] [ 22] layout(constant_id=7) const float _200c = 1; 
[   0.511][d][vo/gpu-next/libplacebo] [ 23] layout(constant_id=8) const uint _200d = 1; 
[   0.511][d][vo/gpu-next/libplacebo] [ 24] layout(constant_id=9) const float _200e = 1; 
[   0.511][d][vo/gpu-next/libplacebo] [ 25] layout(constant_id=10) const float _200f = 1; 
[   0.511][d][vo/gpu-next/libplacebo] [ 26] layout(constant_id=11) const float _4005 = 1; 
[   0.511][d][vo/gpu-next/libplacebo] [ 27] layout(constant_id=12) const float _400a = 1; 
[   0.511][d][vo/gpu-next/libplacebo] [ 28] layout(constant_id=13) const float _400b = 1; 
[   0.511][d][vo/gpu-next/libplacebo] [ 29] layout(constant_id=14) const float _400c = 1; 
[   0.511][d][vo/gpu-next/libplacebo] [ 30] layout(binding=0) uniform  sampler2D _c002;
[   0.511][d][vo/gpu-next/libplacebo] [ 31] layout(binding=1) uniform  sampler2D _2002;
[   0.511][d][vo/gpu-next/libplacebo] [ 32] layout(binding=2) uniform  sampler2D _2006;
[   0.511][d][vo/gpu-next/libplacebo] [ 33] layout(binding=3) uniform  sampler2D _4009;
[   0.511][d][vo/gpu-next/libplacebo] [ 34] layout(location=0) in vec2 _c003;
[   0.511][d][vo/gpu-next/libplacebo] [ 35] layout(location=1) in vec2 _2003;
[   0.511][d][vo/gpu-next/libplacebo] [ 36] layout(location=0) out vec4 out_color;
[   0.511][d][vo/gpu-next/libplacebo] [ 37] 
[   0.511][d][vo/gpu-next/libplacebo] [ 38] vec4 _c001() {
[   0.511][d][vo/gpu-next/libplacebo] [ 39] // pl_shader_sample_direct                                  
[   0.511][d][vo/gpu-next/libplacebo] [ 40] vec4 color = vec4(_c004) * vec4(textureLod(_c002, _c003, 0.0));   
[   0.511][d][vo/gpu-next/libplacebo] [ 41] return color;
[   0.511][d][vo/gpu-next/libplacebo] [ 42] }
[   0.511][d][vo/gpu-next/libplacebo] [ 43] 
[   0.511][d][vo/gpu-next/libplacebo] [ 44] #define _2007(x) (_2009 * (x) + _2008) 
[   0.511][d][vo/gpu-next/libplacebo] [ 45] #define _200a(x) (_200c * (x) + _200b) 
[   0.511][d][vo/gpu-next/libplacebo] [ 46] #define _2005(pos) (textureLod(_2006, vec2(\
[   0.511][d][vo/gpu-next/libplacebo] [ 47]     _2007(vec2(pos).x)\
[   0.511][d][vo/gpu-next/libplacebo] [ 48]    ,_200a(vec2(pos).y)\
[   0.511][d][vo/gpu-next/libplacebo] [ 49]   ), 0.0).xyzw)
[   0.511][d][vo/gpu-next/libplacebo] [ 50] vec4 _2001() {
[   0.511][d][vo/gpu-next/libplacebo] [ 51] 
[   0.511][d][vo/gpu-next/libplacebo] [ 52] vec4 color = vec4(0.0, 0.0, 0.0, 1.0);
[   0.511][d][vo/gpu-next/libplacebo] [ 53] {
[   0.511][d][vo/gpu-next/libplacebo] [ 54] vec2 pos = _2003, pt = _2004;
[   0.511][d][vo/gpu-next/libplacebo] [ 55] vec2 size = vec2(textureSize(_2002, 0));
[   0.511][d][vo/gpu-next/libplacebo] [ 56] vec2 dir = vec2(float(1), float(0));
[   0.511][d][vo/gpu-next/libplacebo] [ 57] pt *= dir;
[   0.511][d][vo/gpu-next/libplacebo] [ 58] vec2 fcoord2 = fract(pos * size - vec2(0.5));
[   0.511][d][vo/gpu-next/libplacebo] [ 59] float fcoord = dot(fcoord2, dir);
[   0.511][d][vo/gpu-next/libplacebo] [ 60] vec2 base = pos - fcoord * pt - pt * vec2(float(2));
[   0.511][d][vo/gpu-next/libplacebo] [ 61] vec4 ws;
[   0.511][d][vo/gpu-next/libplacebo] [ 62] float off;
[   0.511][d][vo/gpu-next/libplacebo] [ 63] vec2 c, ca = vec2(0.0);
[   0.511][d][vo/gpu-next/libplacebo] [ 64] #pragma unroll 4
[   0.511][d][vo/gpu-next/libplacebo] [ 65] for (uint n = 0u; n < _200d; n += uint(1)) {
[   0.511][d][vo/gpu-next/libplacebo] [ 66] if (n % 4u == 0u)
[   0.511][d][vo/gpu-next/libplacebo] [ 67] ws = _2005(vec2(float(n / 4u) / float(1), fcoord));
[   0.511][d][vo/gpu-next/libplacebo] [ 68] off = float(n);
[   0.511][d][vo/gpu-next/libplacebo] [ 69] c = textureLod(_2002, base + pt * off, 0.0).rg;
[   0.511][d][vo/gpu-next/libplacebo] [ 70] ca += ws[n % 4u] * c;
[   0.511][d][vo/gpu-next/libplacebo] [ 71] }
[   0.511][d][vo/gpu-next/libplacebo] [ 72] color.rg = _200f * ca;
[   0.511][d][vo/gpu-next/libplacebo] [ 73] }
[   0.511][d][vo/gpu-next/libplacebo] [ 74] return color;
[   0.511][d][vo/gpu-next/libplacebo] [ 75] }
[   0.511][d][vo/gpu-next/libplacebo] [ 76] 
[   0.511][d][vo/gpu-next/libplacebo] [ 77] #define _4008(pos) (texelFetch(_4009, ivec2(pos), 0).x)
[   0.511][d][vo/gpu-next/libplacebo] [ 78] vec4 _4001() {
[   0.511][d][vo/gpu-next/libplacebo] [ 79] vec4 color = vec4(_4003, vec2(_4002), 1.0);   
[   0.511][d][vo/gpu-next/libplacebo] [ 80] // pass_read_image                        
[   0.511][d][vo/gpu-next/libplacebo] [ 81] {                                         
[   0.511][d][vo/gpu-next/libplacebo] [ 82] vec4 tmp;                                 
[   0.511][d][vo/gpu-next/libplacebo] [ 83] tmp = vec4(_4004) * _c001(); 
[   0.511][d][vo/gpu-next/libplacebo] [ 84] color[0] = tmp[0];
[   0.511][d][vo/gpu-next/libplacebo] [ 85] tmp = vec4(_4005) * _2001(); 
[   0.511][d][vo/gpu-next/libplacebo] [ 86] color[1] = tmp[0];
[   0.511][d][vo/gpu-next/libplacebo] [ 87] color[2] = tmp[1];
[   0.511][d][vo/gpu-next/libplacebo] [ 88] }
[   0.511][d][vo/gpu-next/libplacebo] [ 89] // pl_shader_decode_color 
[   0.511][d][vo/gpu-next/libplacebo] [ 90] { 
[   0.512][d][vo/gpu-next/libplacebo] [ 91] color.rgb = _4006 * color.rgb + _4007; 
[   0.512][d][vo/gpu-next/libplacebo] [ 92] }
[   0.512][d][vo/gpu-next/libplacebo] [ 93] // pl_shader_encode_color 
[   0.512][d][vo/gpu-next/libplacebo] [ 94] { 
[   0.512][d][vo/gpu-next/libplacebo] [ 95] }
[   0.512][d][vo/gpu-next/libplacebo] [ 96] // pl_shader_dither 
[   0.512][d][vo/gpu-next/libplacebo] [ 97] {                    
[   0.512][d][vo/gpu-next/libplacebo] [ 98] float bias;          
[   0.512][d][vo/gpu-next/libplacebo] [ 99] vec2 pos = fract(gl_FragCoord.xy * 1.0/_400a); 
[   0.512][d][vo/gpu-next/libplacebo] [100] bias = _4008(ivec2(pos * _400b));
[   0.512][d][vo/gpu-next/libplacebo] [101] const float scale = 255.0; 
[   0.512][d][vo/gpu-next/libplacebo] [102] color = scale * color + vec4(bias);   
[   0.512][d][vo/gpu-next/libplacebo] [103] color = floor(color) * (1.0 / scale); 
[   0.512][d][vo/gpu-next/libplacebo] [104] } 
[   0.512][d][vo/gpu-next/libplacebo] [105] color.rgba *= vec4(1.0 / _400c); 
[   0.512][d][vo/gpu-next/libplacebo] [106] vec4 _400d = color;                 
[   0.512][d][vo/gpu-next/libplacebo] [107] color = vec4(0.0, 0.0, 0.0, 1.0); 
[   0.512][d][vo/gpu-next/libplacebo] [108] color[0] = _400d[0]; 
[   0.512][d][vo/gpu-next/libplacebo] [109] color[1] = _400d[1]; 
[   0.512][d][vo/gpu-next/libplacebo] [110] color[2] = _400d[2]; 
[   0.512][d][vo/gpu-next/libplacebo] [111] color[3] = _400d[3]; 
[   0.512][d][vo/gpu-next/libplacebo] [112] return color;
[   0.512][d][vo/gpu-next/libplacebo] [113] }
[   0.512][d][vo/gpu-next/libplacebo] [114] 
[   0.512][d][vo/gpu-next/libplacebo] [115] void main() {
[   0.512][d][vo/gpu-next/libplacebo] [116] out_color = _4001();
[   0.512][d][vo/gpu-next/libplacebo] [117] }
[   0.512][d][vo/gpu-next/libplacebo] Specialization constant values:
[   0.512][d][vo/gpu-next/libplacebo]   constant_id=0: 0.501961
[   0.512][d][vo/gpu-next/libplacebo]   constant_id=1: 0.062745
[   0.512][d][vo/gpu-next/libplacebo]   constant_id=2: 1.000000
[   0.512][d][vo/gpu-next/libplacebo]   constant_id=3: 1.000000
[   0.512][d][vo/gpu-next/libplacebo]   constant_id=4: 0.250000
[   0.512][d][vo/gpu-next/libplacebo]   constant_id=5: 0.500000
[   0.512][d][vo/gpu-next/libplacebo]   constant_id=6: 0.001953
[   0.512][d][vo/gpu-next/libplacebo]   constant_id=7: 0.996094
[   0.512][d][vo/gpu-next/libplacebo]   constant_id=8: 6
[   0.512][d][vo/gpu-next/libplacebo]   constant_id=9: 0.000000
[   0.512][d][vo/gpu-next/libplacebo]   constant_id=10: 1.000000
[   0.512][d][vo/gpu-next/libplacebo]   constant_id=11: 1.000000
[   0.512][d][vo/gpu-next/libplacebo]   constant_id=12: 64.000000
[   0.512][d][vo/gpu-next/libplacebo]   constant_id=13: 64.000000
[   0.512][d][vo/gpu-next/libplacebo]   constant_id=14: 1.000000
[   0.514][d][vo/gpu-next/libplacebo] shaderc compile status 'success' (0 errors, 0 warnings)
[   0.514][d][vo/gpu-next/libplacebo] Spent 2.627 ms translating SPIR-V
[   0.522][d][vo/gpu-next/libplacebo] shaderc compile status 'success' (0 errors, 0 warnings)
[   0.522][d][vo/gpu-next/libplacebo] Spent 7.762 ms translating SPIR-V
[   0.522][d][vo/gpu-next/libplacebo] Spent 0.015 ms compiling shader
[   0.522][d][vo/gpu-next/libplacebo] Spent 0.160 ms creating pipeline
[   0.522][d][vo/gpu-next/libplacebo] Pass statistics: size 0, SPIR-V: vert 0 frag 0 comp 0
[   0.528][d][vo/gpu-next/wayland] Presentation was done with a copy.
[   0.528][d][vd] Allocating new (host-cached) DR image...
[   0.529][v][cplayer] Set property: user-data/osc/margins={"b":0,"r":0,"t":0,"l":0} -> 1
[   0.529][d][vo/gpu-next/libplacebo] (Re)creating 1280x720x0 texture with format r8: ../src/utils/upload.c:239
[   0.529][d][vo/gpu-next/libplacebo] (Re)creating 640x360x0 texture with format r8: ../src/utils/upload.c:239
[   0.529][d][vo/gpu-next/libplacebo] (Re)creating 640x360x0 texture with format r8: ../src/utils/upload.c:239
[   0.529][d][osc] osc_init
[   0.530][v][cplayer] Set property: user-data/osc/margins={"b":0,"r":0,"t":0,"l":0} -> 1
[   0.552][v][vo/gpu-next/libplacebo] Estimated source FPS: 30.000, display FPS: 30.000
[   0.849][v][cplayer] Set property: user-data/osc/margins={"b":0,"r":0,"t":0,"l":0} -> 1
[   0.849][d][cplayer] Run command: enable-section, flags=64, args=[name="input", flags=""]
[   0.858][v][osd/libass] fontselect: (sans-serif, 400, 0) -> /nix/store/d4qnrydfm90xa0c9ycjldd4j06v0rkvy-home-manager-path/share/fonts/noto/NotoSans.ttf, 0, NotoSans-Regular
[   0.859][v][osd/libass] fontselect: (mpv-osd-symbols, 400, 0) -> mpv-osd-symbols-Regular, 0, mpv-osd-symbols-Regular
[   0.862][d][vo/gpu-next/libplacebo] (Re)creating 2019x168x0 texture with format r8: unknown
[   0.862][d][vo/gpu-next/libplacebo] Allocating 393216 memory of type 0x1 (id 0) in heap 0: ../src/utils/upload.c:239
[   0.862][d][vo/gpu-next/libplacebo] Memory types supported by device:
[   0.862][d][vo/gpu-next/libplacebo]     0: flags 0x1 heap 0
[   0.862][d][vo/gpu-next/libplacebo]     1: flags 0x1 heap 0
[   0.862][d][vo/gpu-next/libplacebo]     2: flags 0x6 heap 1
[   0.862][d][vo/gpu-next/libplacebo]     3: flags 0x7 heap 2
[   0.862][d][vo/gpu-next/libplacebo]     4: flags 0x7 heap 2
[   0.862][d][vo/gpu-next/libplacebo]     5: flags 0xe heap 1
[   0.862][d][vo/gpu-next/libplacebo]     6: flags 0xe heap 1
[   0.862][d][vo/gpu-next/libplacebo]     7: flags 0xc1 heap 0
[   0.862][d][vo/gpu-next/libplacebo]     8: flags 0xc6 heap 1
[   0.862][d][vo/gpu-next/libplacebo]     9: flags 0xc7 heap 2
[   0.862][d][vo/gpu-next/libplacebo]     10: flags 0xce heap 1
[   0.862][d][vo/gpu-next/libplacebo] Spent 0.127 ms allocating slab
[   0.862][d][vo/gpu-next/libplacebo] Allocating 344064 memory of type 0x7 (id 3) in heap 2: ../src/gpu/utils.c:576
[   0.863][d][vo/gpu-next/libplacebo] Memory types supported by device:
[   0.863][d][vo/gpu-next/libplacebo]     0: flags 0x1 heap 0
[   0.863][d][vo/gpu-next/libplacebo]     1: flags 0x1 heap 0
[   0.863][d][vo/gpu-next/libplacebo]     2: flags 0x6 heap 1
[   0.863][d][vo/gpu-next/libplacebo]     3: flags 0x7 heap 2
[   0.863][d][vo/gpu-next/libplacebo]     4: flags 0x7 heap 2
[   0.863][d][vo/gpu-next/libplacebo]     5: flags 0xe heap 1
[   0.863][d][vo/gpu-next/libplacebo]     6: flags 0xe heap 1
[   0.863][d][vo/gpu-next/libplacebo]     7: flags 0xc1 heap 0
[   0.863][d][vo/gpu-next/libplacebo]     8: flags 0xc6 heap 1
[   0.863][d][vo/gpu-next/libplacebo]     9: flags 0xc7 heap 2
[   0.863][d][vo/gpu-next/libplacebo]     10: flags 0xce heap 1
[   0.863][d][vo/gpu-next/libplacebo] Spent 0.149 ms allocating slab
[   0.864][d][vo/gpu-next/libplacebo] vertex shader source:
[   0.864][d][vo/gpu-next/libplacebo] [  1] #version 450
[   0.864][d][vo/gpu-next/libplacebo] [  2] #extension GL_KHR_shader_subgroup_basic : enable 
[   0.864][d][vo/gpu-next/libplacebo] [  3] #extension GL_KHR_shader_subgroup_vote : enable 
[   0.864][d][vo/gpu-next/libplacebo] [  4] #extension GL_KHR_shader_subgroup_arithmetic : enable 
[   0.864][d][vo/gpu-next/libplacebo] [  5] #extension GL_KHR_shader_subgroup_ballot : enable 
[   0.864][d][vo/gpu-next/libplacebo] [  6] #extension GL_KHR_shader_subgroup_shuffle : enable 
[   0.864][d][vo/gpu-next/libplacebo] [  7] #extension GL_KHR_shader_subgroup_clustered : enable 
[   0.864][d][vo/gpu-next/libplacebo] [  8] #extension GL_KHR_shader_subgroup_quad : enable 
[   0.864][d][vo/gpu-next/libplacebo] [  9] #extension GL_ARB_texture_gather : enable
[   0.864][d][vo/gpu-next/libplacebo] [ 10] layout(std430, push_constant) uniform PushC {
[   0.864][d][vo/gpu-next/libplacebo] [ 11]     layout(offset=0) mat3 _5;
[   0.864][d][vo/gpu-next/libplacebo] [ 12]     layout(offset=48) mat3 _6;
[   0.864][d][vo/gpu-next/libplacebo] [ 13] };
[   0.864][d][vo/gpu-next/libplacebo] [ 14] layout(constant_id=0) const float _3 = 1; 
[   0.864][d][vo/gpu-next/libplacebo] [ 15] layout(constant_id=1) const float _4 = 1; 
[   0.864][d][vo/gpu-next/libplacebo] [ 16] layout(constant_id=2) const float _7 = 1; 
[   0.864][d][vo/gpu-next/libplacebo] [ 17] layout(constant_id=3) const float _8 = 1; 
[   0.864][d][vo/gpu-next/libplacebo] [ 18] layout(binding=0) uniform  sampler2D _2;
[   0.864][d][vo/gpu-next/libplacebo] [ 19] layout(location=0) in vec2 _e;
[   0.864][d][vo/gpu-next/libplacebo] [ 20] layout(location=1) in vec2 _f;
[   0.864][d][vo/gpu-next/libplacebo] [ 21] layout(location=1) out vec2 _b;
[   0.864][d][vo/gpu-next/libplacebo] [ 22] layout(location=2) in vec4 _10;
[   0.864][d][vo/gpu-next/libplacebo] [ 23] layout(location=2) out vec4 _c;
[   0.864][d][vo/gpu-next/libplacebo] [ 24] void main() {
[   0.864][d][vo/gpu-next/libplacebo] [ 25] vec2 va_pos = _e; 
[   0.864][d][vo/gpu-next/libplacebo] [ 26] gl_Position = vec4(va_pos, 0.0, 1.0); 
[   0.864][d][vo/gpu-next/libplacebo] [ 27] _b = _f;
[   0.864][d][vo/gpu-next/libplacebo] [ 28] _c = _10;
[   0.864][d][vo/gpu-next/libplacebo] [ 29] }
[   0.864][d][vo/gpu-next/libplacebo] fragment shader source:
[   0.864][d][vo/gpu-next/libplacebo] [  1] #version 450
[   0.864][d][vo/gpu-next/libplacebo] [  2] #extension GL_KHR_shader_subgroup_basic : enable 
[   0.864][d][vo/gpu-next/libplacebo] [  3] #extension GL_KHR_shader_subgroup_vote : enable 
[   0.864][d][vo/gpu-next/libplacebo] [  4] #extension GL_KHR_shader_subgroup_arithmetic : enable 
[   0.864][d][vo/gpu-next/libplacebo] [  5] #extension GL_KHR_shader_subgroup_ballot : enable 
[   0.864][d][vo/gpu-next/libplacebo] [  6] #extension GL_KHR_shader_subgroup_shuffle : enable 
[   0.864][d][vo/gpu-next/libplacebo] [  7] #extension GL_KHR_shader_subgroup_clustered : enable 
[   0.864][d][vo/gpu-next/libplacebo] [  8] #extension GL_KHR_shader_subgroup_quad : enable 
[   0.864][d][vo/gpu-next/libplacebo] [  9] #extension GL_ARB_texture_gather : enable
[   0.864][d][vo/gpu-next/libplacebo] [ 10] layout(std430, push_constant) uniform PushC {
[   0.864][d][vo/gpu-next/libplacebo] [ 11]     layout(offset=0) mat3 _5;
[   0.864][d][vo/gpu-next/libplacebo] [ 12]     layout(offset=48) mat3 _6;
[   0.864][d][vo/gpu-next/libplacebo] [ 13] };
[   0.864][d][vo/gpu-next/libplacebo] [ 14] layout(constant_id=0) const float _3 = 1; 
[   0.864][d][vo/gpu-next/libplacebo] [ 15] layout(constant_id=1) const float _4 = 1; 
[   0.864][d][vo/gpu-next/libplacebo] [ 16] layout(constant_id=2) const float _7 = 1; 
[   0.864][d][vo/gpu-next/libplacebo] [ 17] layout(constant_id=3) const float _8 = 1; 
[   0.864][d][vo/gpu-next/libplacebo] [ 18] layout(binding=0) uniform  sampler2D _2;
[   0.864][d][vo/gpu-next/libplacebo] [ 19] layout(location=1) in vec2 _b;
[   0.864][d][vo/gpu-next/libplacebo] [ 20] layout(location=2) in vec4 _c;
[   0.864][d][vo/gpu-next/libplacebo] [ 21] layout(location=0) out vec4 out_color;
[   0.864][d][vo/gpu-next/libplacebo] [ 22] #define pos _a
[   0.864][d][vo/gpu-next/libplacebo] [ 23] #define coord _b
[   0.864][d][vo/gpu-next/libplacebo] [ 24] #define osd_color _c
[   0.864][d][vo/gpu-next/libplacebo] [ 25] 
[   0.864][d][vo/gpu-next/libplacebo] [ 26] vec4 _1() {
[   0.864][d][vo/gpu-next/libplacebo] [ 27] // overlay 
[   0.864][d][vo/gpu-next/libplacebo] [ 28] vec4 color = osd_color; 
[   0.864][d][vo/gpu-next/libplacebo] [ 29] // pl_shader_decode_color 
[   0.864][d][vo/gpu-next/libplacebo] [ 30] { 
[   0.864][d][vo/gpu-next/libplacebo] [ 31] }
[   0.864][d][vo/gpu-next/libplacebo] [ 32] // pl_shader_color_map 
[   0.864][d][vo/gpu-next/libplacebo] [ 33] {                      
[   0.864][d][vo/gpu-next/libplacebo] [ 34] // pl_shader_linearize           
[   0.864][d][vo/gpu-next/libplacebo] [ 35] color.rgb = max(color.rgb, 0.0); 
[   0.864][d][vo/gpu-next/libplacebo] [ 36] color.rgb = mix(color.rgb * vec3(1.0/12.92),               
[   0.864][d][vo/gpu-next/libplacebo] [ 37]                 pow((color.rgb + vec3(0.055))/vec3(1.055), 
[   0.864][d][vo/gpu-next/libplacebo] [ 38]                     vec3(2.4)),                            
[   0.864][d][vo/gpu-next/libplacebo] [ 39]                 lessThan(vec3(0.04045), color.rgb));       
[   0.864][d][vo/gpu-next/libplacebo] [ 40] color.rgb = _4 * color.rgb + vec3(_3); 
[   0.864][d][vo/gpu-next/libplacebo] [ 41] // pl_shader_delinearize 
[   0.864][d][vo/gpu-next/libplacebo] [ 42] color.rgb = max(color.rgb, 0.0); 
[   0.864][d][vo/gpu-next/libplacebo] [ 43] color.rgb = pow(_8 * color.rgb, vec3(1.0/2.4)) - vec3(_7); 
[   0.864][d][vo/gpu-next/libplacebo] [ 44] }
[   0.864][d][vo/gpu-next/libplacebo] [ 45] // pl_shader_encode_color 
[   0.864][d][vo/gpu-next/libplacebo] [ 46] { 
[   0.864][d][vo/gpu-next/libplacebo] [ 47] color.rgb *= vec3(color.a); 
[   0.864][d][vo/gpu-next/libplacebo] [ 48] }
[   0.864][d][vo/gpu-next/libplacebo] [ 49] color.rgba *= textureLod(_2, coord, 0.0).r; 
[   0.864][d][vo/gpu-next/libplacebo] [ 50] vec4 _9 = color;                 
[   0.864][d][vo/gpu-next/libplacebo] [ 51] color = vec4(0.0, 0.0, 0.0, 1.0); 
[   0.864][d][vo/gpu-next/libplacebo] [ 52] color[0] = _9[0]; 
[   0.864][d][vo/gpu-next/libplacebo] [ 53] color[1] = _9[1]; 
[   0.864][d][vo/gpu-next/libplacebo] [ 54] color[2] = _9[2]; 
[   0.864][d][vo/gpu-next/libplacebo] [ 55] color[3] = _9[3]; 
[   0.864][d][vo/gpu-next/libplacebo] [ 56] color.a = _9.a; 
[   0.864][d][vo/gpu-next/libplacebo] [ 57] return color;
[   0.864][d][vo/gpu-next/libplacebo] [ 58] }
[   0.864][d][vo/gpu-next/libplacebo] [ 59] 
[   0.864][d][vo/gpu-next/libplacebo] [ 60] void main() {
[   0.864][d][vo/gpu-next/libplacebo] [ 61] out_color = _1();
[   0.864][d][vo/gpu-next/libplacebo] [ 62] }
[   0.864][d][vo/gpu-next/libplacebo] Specialization constant values:
[   0.864][d][vo/gpu-next/libplacebo]   constant_id=0: 0.001000
[   0.864][d][vo/gpu-next/libplacebo]   constant_id=1: 0.999000
[   0.864][d][vo/gpu-next/libplacebo]   constant_id=2: 0.059585
[   0.864][d][vo/gpu-next/libplacebo]   constant_id=3: 1.149015
[   0.867][d][vo/gpu-next/libplacebo] shaderc compile status 'success' (0 errors, 0 warnings)
[   0.867][d][vo/gpu-next/libplacebo] Spent 2.835 ms translating SPIR-V
[   0.872][d][vo/gpu-next/libplacebo] shaderc compile status 'success' (0 errors, 0 warnings)
[   0.872][d][vo/gpu-next/libplacebo] Spent 5.329 ms translating SPIR-V
[   0.872][d][vo/gpu-next/libplacebo] Spent 0.019 ms compiling shader
[   0.873][d][vo/gpu-next/libplacebo] Spent 0.167 ms creating pipeline
[   0.873][d][vo/gpu-next/libplacebo] Pass statistics: size 0, SPIR-V: vert 0 frag 0 comp 0
[   0.891][d][vd] Allocating new (host-cached) DR image...
[   0.959][d][vo/gpu-next/libplacebo] Garbage collected slab of size  249K from pool 3
[   0.960][d][vo/gpu-next/libplacebo] Freeing slab of size  249K
[   0.960][d][vo/gpu-next/libplacebo] Garbage collected slab of size  241K from pool 3
[   0.960][d][vo/gpu-next/libplacebo] Freeing slab of size  241K
[   1.425][d][vo/gpu-next/libplacebo] (Re)creating 2020x168x0 texture with format r8: unknown
[   1.556][v][cplayer] Set property: user-data/osc/margins={"b":0,"r":0,"t":0,"l":0} -> 1
[   1.556][d][cplayer] Run command: disable-section, flags=64, args=[name="input"]
[   2.082][d][vo/gpu-next/libplacebo] Garbage collected slab of size  336K from pool 3
[   2.082][d][vo/gpu-next/libplacebo] Freeing slab of size  336K
[   9.024][v][lavf] EOF reached.
[  10.358][v][vf] filter input EOF
[  10.358][v][vf] filter output EOF
[  10.391][v][cplayer] using demuxer frame duration for last frame
[  10.391][d][cplayer] video EOF (status=3)
[  10.391][d][vo/gpu-next] Render queue underrun.
[  10.441][d][cplayer] video EOF (status=3)
[  10.448][v][cplayer] video EOF reached
[  10.448][d][cplayer] video EOF (status=4)
[  10.448][v][cplayer] EOF code: 1  
[  10.448][d][vd] Uninit decoder.
[  10.448][v][vo/gpu-next/wayland] Disabling the idle inhibitor
[  10.449][d][cplayer] Terminating demuxers...
[  10.449][d][cplayer] Done terminating demuxers.
[  10.449][v][cplayer] finished playback, success (reason 0)
[  10.449][v][cplayer] Running hook: ytdl_hook/on_after_end_file
[  10.449][d][cplayer] Run command: del, flags=64, args=[name="user-data/mpv/ytdl/json-subprocess-result"]
[  10.449][i][cplayer] Exiting... (End of file)
[  10.449][d][cplayer] Run command: del, flags=64, args=[name="user-data/mpv/console"]
[  10.449][d][osc] osc_init
[  10.449][d][ytdl_hook] Destroying client handle...
[  10.450][d][stats] Destroying client handle...
[  10.450][d][console] Destroying client handle...
[  10.450][d][context_menu] Destroying client handle...
[  10.450][d][positioning] Destroying client handle...
[  10.450][d][select] Destroying client handle...
[  10.450][d][commands] Destroying client handle...
[  10.450][v][cplayer] Set property: user-data/osc/margins={"b":0,"r":0,"t":0,"l":0} -> 1
[  10.451][d][cplayer] Run command: del, flags=64, args=[name="user-data/osc"]
[  10.451][d][osc] Destroying client handle...
[  10.454][d][vo/gpu-next/libplacebo] Waiting for remaining commands...
[  10.456][d][vo/gpu-next/libplacebo] Memory heaps supported by device:
[  10.456][d][vo/gpu-next/libplacebo]     0: flags 0x1 size   15G
[  10.456][d][vo/gpu-next/libplacebo]     1: flags 0x0 size   15G
[  10.456][d][vo/gpu-next/libplacebo]     2: flags 0x1 size  256M
[  10.456][d][vo/gpu-next/libplacebo] Memory types supported by device:
[  10.456][d][vo/gpu-next/libplacebo]     0: flags 0x1 heap 0
[  10.456][d][vo/gpu-next/libplacebo]     1: flags 0x1 heap 0
[  10.456][d][vo/gpu-next/libplacebo]     2: flags 0x6 heap 1
[  10.456][d][vo/gpu-next/libplacebo]     3: flags 0x7 heap 2
[  10.456][d][vo/gpu-next/libplacebo]     4: flags 0x7 heap 2
[  10.456][d][vo/gpu-next/libplacebo]     5: flags 0xe heap 1
[  10.456][d][vo/gpu-next/libplacebo]     6: flags 0xe heap 1
[  10.456][d][vo/gpu-next/libplacebo]     7: flags 0xc1 heap 0
[  10.456][d][vo/gpu-next/libplacebo]     8: flags 0xc6 heap 1
[  10.456][d][vo/gpu-next/libplacebo]     9: flags 0xc7 heap 2
[  10.456][d][vo/gpu-next/libplacebo]     10: flags 0xce heap 1
[  10.456][d][vo/gpu-next/libplacebo] Memory pool 0:
[  10.456][d][vo/gpu-next/libplacebo]     Compatible types: 0xffffffff
[  10.456][d][vo/gpu-next/libplacebo]     Required flags: 0x2
[  10.456][d][vo/gpu-next/libplacebo]     Optimal flags: 0x8
[  10.456][d][vo/gpu-next/libplacebo]     Buffer flags: 0x3
[  10.456][d][vo/gpu-next/libplacebo]     Slab  0:        1 x 1444K:     0 used     0 res 1444K alloc from heap 1, efficiency 100.00%  [unknown]
[  10.456][d][vo/gpu-next/libplacebo]     Slab  1:        3 x 1444K:     0 used     0 res 2888K alloc from heap 1, efficiency 100.00%  [unknown]
[  10.456][d][vo/gpu-next/libplacebo]     Slab  2:        f x 1444K:     0 used     0 res 5776K alloc from heap 1, efficiency 100.00%  [unknown]
[  10.456][d][vo/gpu-next/libplacebo]     Slab  3:       ff x 1444K:     0 used     0 res   11M alloc from heap 1, efficiency 100.00%  [unknown]
[  10.456][d][vo/gpu-next/libplacebo]     Pool summary:     0 used     0 res   21M alloc, efficiency 100.00%, utilization 0.00%
[  10.456][d][vo/gpu-next/libplacebo] Memory pool 1:
[  10.456][d][vo/gpu-next/libplacebo]     Compatible types: 0x7ad
[  10.456][d][vo/gpu-next/libplacebo]     Optimal flags: 0x1
[  10.456][d][vo/gpu-next/libplacebo]     Slab  0:        1 x  960K:     0 used     0 res  960K alloc from heap 0, efficiency 100.00%  [../src/utils/upload.c:239]
[  10.456][d][vo/gpu-next/libplacebo]     Slab  1:        1 x  240K:     0 used     0 res  240K alloc from heap 0, efficiency 100.00%  [../src/utils/upload.c:239]
[  10.456][d][vo/gpu-next/libplacebo]     Slab  2:        3 x  240K:     0 used     0 res  480K alloc from heap 0, efficiency 100.00%  [../src/utils/upload.c:239]
[  10.456][d][vo/gpu-next/libplacebo]     Slab  3:        1 x  576K:     0 used     0 res  576K alloc from heap 0, efficiency 100.00%  [src/renderer.c:1689]
[  10.456][d][vo/gpu-next/libplacebo]     Slab  4:     ffff x   16K:     0 used     0 res  256K alloc from heap 0, efficiency 100.00%  [src/shaders/dithering.c:150]
[  10.456][d][vo/gpu-next/libplacebo]     Slab  5:        1 x 1920K:     0 used     0 res 1920K alloc from heap 0, efficiency 100.00%  [src/renderer.c:768]
[  10.456][d][vo/gpu-next/libplacebo]     Slab  6:        1 x 7680K:     0 used     0 res 7680K alloc from heap 0, efficiency 100.00%  [src/renderer.c:3863]
[  10.456][d][vo/gpu-next/libplacebo]     Slab  7:        3 x  960K:     0 used     0 res 1920K alloc from heap 0, efficiency 100.00%  [../src/utils/upload.c:239]
[  10.456][d][vo/gpu-next/libplacebo]     Slab  8:        f x  240K:     0 used     0 res  960K alloc from heap 0, efficiency 100.00%  [../src/utils/upload.c:239]
[  10.456][d][vo/gpu-next/libplacebo]     Slab  9:        1 x  384K:     0 used     0 res  384K alloc from heap 0, efficiency 100.00%  [../src/utils/upload.c:239]
[  10.456][d][vo/gpu-next/libplacebo]     Pool summary:     0 used     0 res   15M alloc, efficiency 100.00%, utilization 0.00%
[  10.456][d][vo/gpu-next/libplacebo] Memory pool 2:
[  10.456][d][vo/gpu-next/libplacebo]     Compatible types: 0xffffffff
[  10.456][d][vo/gpu-next/libplacebo]     Required flags: 0x1
[  10.456][d][vo/gpu-next/libplacebo]     Optimal flags: 0x2
[  10.456][d][vo/gpu-next/libplacebo]     Buffer flags: 0xc3
[  10.456][d][vo/gpu-next/libplacebo]     Slab  0: 3fffffffffffffff x  4224:     0 used     0 res  255K alloc from heap 2, efficiency 100.00%  [../src/gpu/utils.c:1175]
[  10.456][d][vo/gpu-next/libplacebo]     Pool summary:     0 used     0 res  255K alloc, efficiency 100.00%, utilization 0.00%
[  10.456][d][vo/gpu-next/libplacebo] Memory pool 3:
[  10.456][d][vo/gpu-next/libplacebo]     Compatible types: 0xffffffff
[  10.456][d][vo/gpu-next/libplacebo]     Optimal flags: 0x3
[  10.456][d][vo/gpu-next/libplacebo]     Buffer flags: 0x3
[  10.456][d][vo/gpu-next/libplacebo]     Pool summary:     0 used     0 res     0 alloc, efficiency 100.00%, utilization 100.00%
[  10.456][d][vo/gpu-next/libplacebo] Memory summary:     0 used     0 res   36M alloc, efficiency 100.00%, utilization 0.00%, max page: 1008M
[  10.456][d][vo/gpu-next/libplacebo] Freeing slab of size 1444K
[  10.456][d][vo/gpu-next/libplacebo] Freeing slab of size 2888K
[  10.456][d][vo/gpu-next/libplacebo] Freeing slab of size 5776K
[  10.456][d][vo/gpu-next/libplacebo] Freeing slab of size   11M
[  10.456][d][vo/gpu-next/libplacebo] Freeing slab of size  960K
[  10.456][d][vo/gpu-next/libplacebo] Freeing slab of size  240K
[  10.456][d][vo/gpu-next/libplacebo] Freeing slab of size  480K
[  10.456][d][vo/gpu-next/libplacebo] Freeing slab of size  576K
[  10.456][d][vo/gpu-next/libplacebo] Freeing slab of size  256K
[  10.456][d][vo/gpu-next/libplacebo] Freeing slab of size 1920K
[  10.456][d][vo/gpu-next/libplacebo] Freeing slab of size 7680K
[  10.456][d][vo/gpu-next/libplacebo] Freeing slab of size 1920K
[  10.456][d][vo/gpu-next/libplacebo] Freeing slab of size  960K
[  10.456][d][vo/gpu-next/libplacebo] Freeing slab of size  384K
[  10.456][d][vo/gpu-next/libplacebo] Freeing slab of size  255K
[  10.761][v][vo/gpu-next/wayland] Deregistering output Microstep MSI G27C4 E2 (DP-3) (0x2e)
[  10.762][v][vo/gpu-next/wayland] Deregistering output Samsung Display Corp. 0x4188 (eDP-1) (0x2c)
[  10.762][v][vo/gpu-next/wayland] Deregistering seat 0x28
[  10.762][v][clipboard/wayland] Deregistering seat 0x28
